Agency,Local Code,County,Township,City,Collision Date,Collision Time,Vehicles Involved,Trailers Involved,Number Injured,Number Dead,Number Deer,House Number,Roadway Name,Roadway Suffix,Roadway Number,Roadway Interchange,Roadway Ramp,Roadway Id,Intersecting Road,Intersecting Road Number,Mile Marker,Interchange,Corporate Limits?,Property Type,Feet From,Direction,Latitude,Longitude,Roadway Class,Traffic Control Devices?,Aggressive Driving?,Hit and Run?,Locality,School Zone?,Rumble Strips?,Construction?,Construction Type,Light Condition,Weather Conditions,Surface Condition,Type of Median,Roadway Junction Type,Road Character,Roadway Surface,Primary Factor,Damage Estimate,Manner of Collision,Unique Location Id,State Property Damage?,Traffic Control
INDIANA UNIV BLOOMINGTON PD,170760,MONROE,BLOOMINGTON,BLOOMINGTON,3/27/17,8:50 PM,1,0,0,0,0,,10TH,ST,,,,10TH,JORDAN,,,,Y,,,,39.171552,-86.515728,LOCAL/CITY ROAD,Y,N,N,URBAN,N,N,N,,DARK (LIGHTED),RAIN,WET,,FOUR-WAY INTERSECTION,STRAIGHT/LEVEL,ASPHALT,FAILURE TO YIELD RIGHT OF WAY,UNDER $1001,LEFT TURN,10THSTJORDANAVE,1,TRAFFIC CONTROL SIGNAL
MONROE SD,M17A7872,MONROE,PERRY,BLOOMINGTON,4/10/17,7:00 AM,1,0,1,0,0,,S OLD STATE ROAD 37,HWY,,,,S OLD STATE ROAD 37,W CHUCH LN,,,,N,OTHER,360,N,39.14527226,-86.53149,LOCAL/CITY ROAD,,N,Y,RURAL,N,N,N,,DAYLIGHT,CLEAR,DRY,NONE,NO JUNCTION INVOLVED,STRAIGHT/LEVEL,ASPHALT,RAN OFF ROAD RIGHT,UNDER $1001,RAN OFF ROAD,SOLDSTATEROAD37HWYWCHUCHLNHWY,1,NONE
BLOOMINGTON PD,B1714364,MONROE,BLOOMINGTON,BLOOMINGTON,4/17/17,5:13 PM,1,0,1,0,0,,W 3RD,ST,,,,W 3RD,S JACKSON,,,,Y,,,,39.164752,-86.53984,LOCAL/CITY ROAD,,N,N,URBAN,N,N,N,,DAYLIGHT,CLOUDY,DRY,,NO JUNCTION INVOLVED,STRAIGHT/GRADE,ASPHALT,IMPROPER PASSING,$5001 TO $10000,SAME DIRECTION SIDESWIPE,SJACKSONSTW3RDST,1,NONE
INDIANA UNIV BLOOMINGTON PD,171299,MONROE,BLOOMINGTON,BLOOMINGTON,5/31/17,12:04 PM,1,0,1,0,0,,INDIANA,AVE,,,,INDIANA,KIRKWOOD,,,,Y,,,,39.16664,-86.526896,LOCAL/CITY ROAD,,N,N,URBAN,N,N,N,,DAYLIGHT,CLEAR,DRY,,T-INTERSECTION,STRAIGHT/LEVEL,ASPHALT,FAILURE TO YIELD RIGHT OF WAY,UNDER $1001,OTHER - EXPLAIN IN NARRATIVE,INDIANAAVEKIRKWOODAVE,1,STOP SIGN
BLOOMINGTON PD,B1727611,MONROE,BLOOMINGTON,BLOOMINGTON,7/12/17,11:40 AM,2,0,0,0,0,,EAST THIRD,ST,,,,EAST THIRD,UNION,,,,Y,,,,39.164352,-86.5088,LOCAL/CITY ROAD,,N,N,URBAN,Y,N,N,,DAYLIGHT,CLEAR,DRY,,NO JUNCTION INVOLVED,STRAIGHT/LEVEL,ASPHALT,DRIVER DISTRACTED - EXPLAIN IN NARRATIVE,$1001 TO $2500,REAR END,EASTTHIRDSTUNIONST,0,NONE
BLOOMINGTON PD,B1729615,MONROE,PERRY,BLOOMINGTON,7/25/17,10:11 PM,1,0,1,0,0,2121,AZALEA,LN,,,,AZALEA,,,,,Y,,,,39.1423,-86.52358,OTHER,,N,N,URBAN,N,N,N,,DARK (NOT LIGHTED),CLEAR,DRY,,NO JUNCTION INVOLVED,STRAIGHT/GRADE,CONCRETE,UNSAFE SPEED,UNDER $1001,COLLISION WITH OBJECT IN ROAD,AZALEALN,1,NONE
BLOOMINGTON PD,B1731974,MONROE,RICHLAND,BLOOMINGTON,8/9/17,6:00 PM,1,0,1,0,0,100,N GATES,DR,,,,N GATES,,,,,Y,,,,39.16575761,-86.57594385,OTHER,,N,Y,URBAN,N,N,N,,DAYLIGHT,CLEAR,DRY,,NO JUNCTION INVOLVED,STRAIGHT/LEVEL,ASPHALT,FAILURE TO YIELD RIGHT OF WAY,UNDER $1001,BACKING CRASH,NGATESDR,1,NONE
BLOOMINGTON PD,B17-42941,MONROE,BLOOMINGTON,BLOOMINGTON,10/18/17,8:59 PM,1,0,1,0,0,,,,SR46E,,,SR46E,N WALNUT,,,,Y,,50,E,39.18636696,-86.53422354,STATE ROAD,Y,N,N,URBAN,N,N,N,,DARK (NOT LIGHTED),CLEAR,DRY,,FOUR-WAY INTERSECTION,STRAIGHT/LEVEL,ASPHALT,PEDESTRIAN ACTION,$2501 TO $5000,OTHER - EXPLAIN IN NARRATIVE,NWALNUTSTSR46E,1,TRAFFIC CONTROL SIGNAL
BLOOMINGTON PD,B1809707,MONROE,BLOOMINGTON,BLOOMINGTON,3/10/18,12:20 AM,1,0,0,0,0,,MARLENE,DR,,,,MARLENE,KIMBLE,,,,Y,,,,39.166144,-86.568,LOCAL/CITY ROAD,,N,Y,URBAN,N,N,N,,DARK (NOT LIGHTED),CLEAR,DRY,,NO JUNCTION INVOLVED,STRAIGHT/LEVEL,ASPHALT,UNSAFE LANE MOVEMENT,,OTHER - EXPLAIN IN NARRATIVE,KIMBLEDRMARLENEDR,1,NONE
BLOOMINGTON PD,B1814519,MONROE,PERRY,BLOOMINGTON,4/13/18,12:45 AM,1,0,2,0,0,,COLLEGE,AVE,,,,COLLEGE,2ND,,,,Y,,202,S,39.16088524,-86.53485688,LOCAL/CITY ROAD,,N,N,URBAN,N,N,N,,DARK (LIGHTED),CLEAR,DRY,,NO JUNCTION INVOLVED,STRAIGHT/LEVEL,ASPHALT,PEDESTRIAN ACTION,$2501 TO $5000,OTHER - EXPLAIN IN NARRATIVE,2NDSTCOLLEGEAVE,2,LANE CONTROL
BLOOMINGTON PD,B18-19284,MONROE,PERRY,BLOOMINGTON,5/9/18,3:00 PM,1,0,1,0,0,,S WALNUT,ST,,,,S WALNUT,W COUNTRY CLUB,,,,Y,,150,S,39.12024988,-86.531055,LOCAL/CITY ROAD,,N,N,URBAN,N,N,N,,DAYLIGHT,CLEAR,DRY,,T-INTERSECTION,STRAIGHT/HILLCREST,ASPHALT,PEDESTRIAN ACTION,UNDER $1001,OTHER - EXPLAIN IN NARRATIVE,SWALNUTSTWCOUNTRYCLUBDR,1,STOP SIGN
INDIANA UNIV BLOOMINGTON PD,182178,MONROE,BLOOMINGTON,BLOOMINGTON,9/22/18,8:08 PM,1,0,1,0,0,600,17TH,ST,,,,BLOCK E 17TH,,,,,Y,,,,39.179024,-86.5272,OTHER,,Y,N,URBAN,N,N,N,,DARK (LIGHTED),CLEAR,DRY,,NO JUNCTION INVOLVED,NON-ROADWAY CRASH,OTHER - EXPLAIN IN NARRATIVE,UNSAFE BACKING,UNDER $1001,BACKING CRASH,BLOCKE17THST,1,NONE
BLOOMINGTON PD,B18-36821,MONROE,BLOOMINGTON,BLOOMINGTON,9/8/18,4:00 PM,1,0,0,0,0,,COLLEGE MALL,RD,,,,COLLEGE MALL,COLLEGE MALL,,,,Y,,,,39.16424,-86.4984,LOCAL/CITY ROAD,,N,N,URBAN,N,N,N,,DAWN/DUSK,RAIN,WATER (STANDING OR MOVING),,T-INTERSECTION,STRAIGHT/LEVEL,ASPHALT,OTHER (ENVIRONMENTAL) - EXPLAIN IN NARR,UNDER $1001,LEFT TURN,COLLEGEMALLRDCOLLEGEMALLXING,2,NONE
BLOOMINGTON PD,B1843336,MONROE,BLOOMINGTON,BLOOMINGTON,10/20/18,10:19 PM,1,0,1,0,0,,INDIANA,AVE,,,,NORTH INDIANA,SEVENTH,,,,Y,,,,39.16851,-86.52678,LOCAL/CITY ROAD,,N,N,URBAN,N,N,N,,DARK (LIGHTED),CLEAR,DRY,,FOUR-WAY INTERSECTION,STRAIGHT/LEVEL,ASPHALT,FAILURE TO YIELD RIGHT OF WAY,UNDER $1001,COLLISION WITH OBJECT IN ROAD,EASTSEVENTHSTNORTHINDIANAAVE,1,STOP SIGN
BLOOMINGTON PD,B1845050,MONROE,BLOOMINGTON,BLOOMINGTON,11/1/18,10:02 AM,1,0,1,0,0,3620,W 3RD,ST,,,,W 3RD,,,,,Y,,,,39.16424,-86.48595093,OTHER,,N,N,URBAN,N,N,N,,DAYLIGHT,RAIN,WET,,T-INTERSECTION,STRAIGHT/LEVEL,ASPHALT,OTHER (DRIVER) - EXPLAIN IN NARRATIVE,UNDER $1001,LEFT TURN,W3RDST,1,NONE
BLOOMINGTON PD,B18-47196,MONROE,PERRY,BLOOMINGTON,11/16/18,4:15 PM,1,1,0,1,0,,S LINCOLN,ST,,,,S LINCOLN,E ALLEN,,,,Y,,100,S,39.15568,-86.531136,LOCAL/CITY ROAD,,N,N,URBAN,N,N,N,,DAYLIGHT,CLOUDY,LOOSE MATERIAL ON ROAD,,NO JUNCTION INVOLVED,STRAIGHT/GRADE,ASPHALT,ENGINE FAILURE OR DEFECTIVE,UNDER $1001,OTHER - EXPLAIN IN NARRATIVE,EALLENSTSLINCOLNST,0,STOP SIGN
INDIANA UNIV BLOOMINGTON PD,190517,MONROE,BLOOMINGTON,BLOOMINGTON,2/26/19,7:58 PM,1,0,1,0,0,,17TH,ST,,,,EAST 17TH,WOODLAWN,,,,Y,,327,W,39.17899975,-86.52465789,LOCAL/CITY ROAD,,N,N,URBAN,N,N,N,,DARK (LIGHTED),CLEAR,DRY,,NO JUNCTION INVOLVED,STRAIGHT/HILLCREST,ASPHALT,FAILURE TO YIELD RIGHT OF WAY,$2501 TO $5000,RIGHT ANGLE,EAST17THSTWOODLAWNAVE,1,OTHER REGULATORY SIGN/MARKING
BLOOMINGTON PD,B1908476,MONROE,BLOOMINGTON,BLOOMINGTON,3/1/19,12:35 PM,1,0,1,0,0,1825,N KINSER,PIKE,,,,N KINSER,,,,,Y,,,,39.222752,-86.550096,OTHER,,N,N,URBAN,N,N,N,,DAYLIGHT,CLOUDY,DRY,,NO JUNCTION INVOLVED,STRAIGHT/LEVEL,ASPHALT,UNSAFE BACKING,UNDER $1001,BACKING CRASH,NKINSERPIKE,1,NONE
INDIANA UNIV BLOOMINGTON PD,190584,MONROE,BLOOMINGTON,BLOOMINGTON,3/6/19,2:47 PM,1,0,1,0,0,,7TH,ST,,,,E 7TH,JORDAN,,,,Y,,804,W,39.16875065,-86.51884189,LOCAL/CITY ROAD,,N,N,URBAN,N,N,N,,DAYLIGHT,CLEAR,DRY,,T-INTERSECTION,STRAIGHT/GRADE,ASPHALT,FAILURE TO YIELD RIGHT OF WAY,UNDER $1001,RIGHT ANGLE,E7THSTJORDANAVE,1,NONE
BLOOMINGTON PD,B1944354,MONROE,BLOOMINGTON,BLOOMINGTON,10/19/19,9:30 PM,1,0,1,0,0,,WEST 17TH,ST,,,,WEST 17TH,NORTH JACKSON,,,,Y,,,,39.179024,-86.539616,LOCAL/CITY ROAD,,N,Y,URBAN,N,N,N,,DARK (LIGHTED),CLEAR,DRY,,FOUR-WAY INTERSECTION,STRAIGHT/GRADE,ASPHALT,DISREGARD SIGNAL/REG SIGN,UNDER $1001,RIGHT ANGLE,NORTHJACKSONSTWEST17THST,1,STOP SIGN
INDIANA UNIV BLOOMINGTON PD,192556,MONROE,BLOOMINGTON,BLOOMINGTON,10/30/19,4:28 PM,1,0,1,0,0,,WOODLAWN,AVE,,,,WOODLAWN,17TH,,,,Y,,,,39.178992,-86.523504,LOCAL/CITY ROAD,Y,N,Y,URBAN,N,N,N,,DAYLIGHT,RAIN,WET,,T-INTERSECTION,STRAIGHT/LEVEL,ASPHALT,FAILURE TO YIELD RIGHT OF WAY,UNDER $1001,RIGHT TURN,EAST17THSTWOODLAWNAVE,1,TRAFFIC CONTROL SIGNAL
BLOOMINGTON PD,B1949568,MONROE,BLOOMINGTON,BLOOMINGTON,11/26/19,12:30 AM,1,0,1,0,0,,,,SR46E,,,SR46E,MONROE,,,,Y,,300,W,39.18699904,-86.54785641,STATE ROAD,,N,N,URBAN,N,N,Y,INTERMITTENT OR MOVING WORK,DARK (NOT LIGHTED),CLEAR,DRY,,NO JUNCTION INVOLVED,STRAIGHT/GRADE,ASPHALT,PEDESTRIAN ACTION,$1001 TO $2500,COLLISION WITH OBJECT IN ROAD,MONROESTSR46E,1,NONE
BLOOMINGTON PD,B2002001,MONROE,BLOOMINGTON,BLOOMINGTON,1/15/20,1:07 PM,1,0,1,0,0,601,E 10TH,ST,,,,E 10TH,,,,,Y,,,,39.17168,-86.527024,OTHER,,N,N,URBAN,N,N,N,,DAYLIGHT,RAIN,WET,,FOUR-WAY INTERSECTION,STRAIGHT/LEVEL,ASPHALT,UNSAFE BACKING,UNDER $1001,BACKING CRASH,E10THST,1,NONE
BLOOMINGTON PD,B2004451,MONROE,BLOOMINGTON,BLOOMINGTON,1/31/20,8:13 AM,1,0,1,0,0,,HENDERSON,ST,,,,2400 BLOCK OF S HENDERSON,GRAHAM,,,,Y,,,,39.13881,-86.52694,LOCAL/CITY ROAD,,N,Y,URBAN,N,N,N,,DARK (NOT LIGHTED),SNOW,WET,,NO JUNCTION INVOLVED,STRAIGHT/LEVEL,ASPHALT,PEDESTRIAN ACTION,UNDER $1001,SAME DIRECTION SIDESWIPE,2400BLOCKOFSHENDERSONSTGRAHAMDR,1,LANE CONTROL
BLOOMINGTON PD,B2007363,MONROE,BLOOMINGTON,BLOOMINGTON,2/19/20,8:00 PM,1,0,1,0,0,,S INDIANA,AVE,,,,S INDIANA,W 4TH,,,,Y,,,,39.165648,-86.526848,LOCAL/CITY ROAD,,N,N,URBAN,N,N,N,,DARK (LIGHTED),CLEAR,DRY,,FOUR-WAY INTERSECTION,STRAIGHT/GRADE,ASPHALT,IMPROPER TURNING,UNDER $1001,LEFT TURN,SINDIANAAVEW4THST,1,STOP SIGN
BLOOMINGTON PD,B2025457,MONROE,PERRY,BLOOMINGTON,7/14/20,9:51 PM,1,0,1,0,0,,LEONARD SPRINGS,RD,,,,LEONARD SPRINGS,FAIRINGTON,,,,Y,,,,39.13589,-86.58261,LOCAL/CITY ROAD,,N,N,URBAN,N,N,N,,DARK (NOT LIGHTED),CLOUDY,DRY,,T-INTERSECTION,STRAIGHT/GRADE,ASPHALT,PEDESTRIAN ACTION,UNDER $1001,SAME DIRECTION SIDESWIPE,FAIRINGTONDRLEONARDSPRINGSRD,1,NONE
BLOOMINGTON PD,B2032471,MONROE,BLOOMINGTON,BLOOMINGTON,9/9/20,8:40 AM,1,0,1,0,0,,,,SR37N,,,SR37N,N WALNUT,,,,Y,,,,39.250688,-86.529744,STATE ROAD,Y,N,N,URBAN,N,N,N,,DAYLIGHT,CLEAR,DRY,,FOUR-WAY INTERSECTION,STRAIGHT/GRADE,ASPHALT,PEDESTRIAN ACTION,UNDER $1001,OTHER - EXPLAIN IN NARRATIVE,NWALNUTSTSR37N,1,TRAFFIC CONTROL SIGNAL
BLOOMINGTON PD,B2043815,MONROE,BLOOMINGTON,BLOOMINGTON,12/9/20,11:49 AM,1,0,1,0,0,,N COLLEGE,AVE,,,,N COLLEGE,7TH,,,,Y,,,,39.168656,-86.534784,LOCAL/CITY ROAD,Y,N,N,URBAN,N,N,N,,DAYLIGHT,CLEAR,DRY,,NO JUNCTION INVOLVED,STRAIGHT/LEVEL,ASPHALT,FAILURE TO YIELD RIGHT OF WAY,UNDER $1001,LEFT/RIGHT TURN,7THSTNCOLLEGEAVE,1,TRAFFIC CONTROL SIGNAL
MONROE SD,M21A10370,MONROE,CLEAR CREEK,BLOOMINGTON,4/17/21,12:52 PM,1,0,1,0,0,,S VALLEY MISSION,RD,,,,S VALLEY MISSION,E PEDIGO BAY,,,,N,,200,N,39.02464413,-86.5012091,COUNTY ROAD,,N,N,RURAL,N,N,N,,DAYLIGHT,CLEAR,DRY,,NO JUNCTION INVOLVED,CURVE/GRADE,ASPHALT,OTHER (DRIVER) - EXPLAIN IN NARRATIVE,$1001 TO $2500,REAR END,EPEDIGOBAYDRSVALLEYMISSIONRD,1,NONE
BLOOMINGTON PD,B23-18027,MONROE,PERRY,BLOOMINGTON,4/9/23,9:50 PM,1,,1,0,0,,W 2ND ST,,,,,W 2ND ST,S MORTON AVE,,,,Y,,0,,39.16134809,-86.53618281,LOCAL/CITY ROAD,,,,URBAN,N,N,N,,DARK (LIGHTED),CLEAR,DRY,,TRAIL CROSSINGS,,ASPHALT,PEDESTRIAN ACTION,$1001 TO $2500,RIGHT ANGLE,W2NDSTSMORTONAVE,1,
BLOOMINGTON PD,B2124354,MONROE,PERRY,BLOOMINGTON,7/16/21,1:27 PM,1,0,1,0,0,,SOUTHERN,DR,,,,SOUTHERN,HENDERSON,,,,Y,,50,W,39.14984,-86.52712037,LOCAL/CITY ROAD,,N,N,URBAN,N,N,N,,DAYLIGHT,CLEAR,WET,,FOUR-WAY INTERSECTION,STRAIGHT/LEVEL,CONCRETE,PEDESTRIAN ACTION,UNDER $1001,COLLISION WITH OBJECT IN ROAD,HENDERSONSTSOUTHERNDR,1,NONE
BLOOMINGTON PD,B2118483,MONROE,PERRY,BLOOMINGTON,6/4/21,6:40 PM,1,0,1,0,0,,EAST ARDEN,DR,,,,EAST ARDEN,EAST WINDSOR,,,,Y,,,,39.14752,-86.509312,LOCAL/CITY ROAD,,N,Y,URBAN,N,N,N,,DAYLIGHT,CLEAR,DRY,,T-INTERSECTION,CURVE/GRADE,CONCRETE,FAILURE TO YIELD RIGHT OF WAY,UNDER $1001,OTHER - EXPLAIN IN NARRATIVE,EASTARDENDREASTWINDSORDR,1,NONE
BLOOMINGTON PD,B2121637,MONROE,BLOOMINGTON,BLOOMINGTON,6/27/21,1:27 AM,1,0,1,0,0,,WEST KIRKWOOD,AVE,,,,WEST KIRKWOOD,SOUTH COLLEGE,,,,Y,,,,39.16664,-86.5348,LOCAL/CITY ROAD,Y,Y,Y,URBAN,N,N,N,,DARK (LIGHTED),CLEAR,DRY,,FOUR-WAY INTERSECTION,STRAIGHT/LEVEL,ASPHALT,FAILURE TO YIELD RIGHT OF WAY,$1001 TO $2500,OTHER - EXPLAIN IN NARRATIVE,SOUTHCOLLEGEAVEWESTKIRKWOODAVE,1,TRAFFIC CONTROL SIGNAL
BLOOMINGTON PD,B21-44459,MONROE,PERRY,BLOOMINGTON,12/10/21,8:56 PM,1,,1,0,0,,S WALNUT ST,,,,,S WALNUT ST,E RIDGEVIEW DR,,,,Y,,0,,39.131951,-86.531435,LOCAL/CITY ROAD,,,,URBAN,N,N,N,,DARK (NOT LIGHTED),RAIN,WET,,NO JUNCTION INVOLVED,,ASPHALT,PEDESTRIAN ACTION,UNDER $1001,OPPOSITE DIRECTION SIDESWIPE,SWALNUTSTERIDGEVIEWDR,1,
INDIANA UNIV BLOOMINGTON PD,220855,MONROE,BLOOMINGTON,BLOOMINGTON,3/5/22,5:20 PM,1,,1,0,0,,E 10TH ST,,,,,E 10TH ST,N SUNRISE DR,,,,Y,,0,,39.17157723,-86.51248134,LOCAL/CITY ROAD,,,,URBAN,N,N,N,,DAYLIGHT,CLEAR,DRY,,FOUR-WAY INTERSECTION,,ASPHALT,IMPROPER PASSING,$1001 TO $2500,LEFT TURN,NSUNRISEDRE10THST,1,
BLOOMINGTON PD,B22-12335,MONROE,PERRY,BLOOMINGTON,4/10/22,3:58 PM,1,,1,0,0,2446,S. HENDERSON ST,,,,,S. HENDERSON ST,,,,,Y,,0,,39.13725558,-86.52774043,PRIVATE DRIVE,,,,URBAN,N,N,N,,DAYLIGHT,CLEAR,DRY,,NO JUNCTION INVOLVED,,ASPHALT,FAILURE TO YIELD RIGHT OF WAY,UNDER $1001,BACKING CRASH,S.HENDERSONST,1,
BLOOMINGTON PD,B22-13328,MONROE,BLOOMINGTON,BLOOMINGTON,4/16/22,3:41 PM,1,,1,0,0,,W 3RD ST,,,,,W 3RD ST,I-69,,,,Y,,0,,39.16469095,-86.57383151,LOCAL/CITY ROAD,,,,URBAN,N,N,N,,DAYLIGHT,CLEAR,DRY,,FOUR-WAY INTERSECTION,,ASPHALT,FAILURE TO YIELD RIGHT OF WAY,UNDER $1001,LEFT TURN,W3RDSTI-69,1,
BLOOMINGTON PD,B22-18659,MONROE,PERRY,BLOOMINGTON,5/20/22,4:19 PM,1,,0,0,0,1175,S. COLLEGE MALL ROAD,,,,,S. COLLEGE MALL ROAD,,,,,Y,,0,,39.153711,-86.495248,PRIVATE DRIVE,,,,URBAN,N,N,N,,DAYLIGHT,CLEAR,DRY,,NO JUNCTION INVOLVED,,ASPHALT,PEDESTRIAN ACTION,$1001 TO $2500,RIGHT ANGLE,S.COLLEGEMALLROAD,1,
BLOOMINGTON PD,B2207894,MONROE,BLOOMINGTON,BLOOMINGTON,3/9/22,8:40 PM,1,,1,0,0,,S MORTON ST,,,,,S MORTON ST,W 2ND ST,,,,Y,,0,,39.1613732,-86.53628058,LOCAL/CITY ROAD,,,,URBAN,N,N,N,,DARK (LIGHTED),CLEAR,DRY,,TRAIL CROSSINGS,,ASPHALT,FAILURE TO YIELD RIGHT OF WAY,UNDER $1001,RIGHT ANGLE,W2NDSTSMORTONST,1,
BLOOMINGTON PD,B22-37726,MONROE,BLOOMINGTON,BLOOMINGTON,9/18/22,1:49 AM,1,,0,1,0,,N WALNUT ST,,,,,N WALNUT ST,E 12TH ST,,,,Y,,0,,39.1742856,-86.53356976,LOCAL/CITY ROAD,,,,URBAN,N,N,N,,DARK (LIGHTED),CLEAR,DRY,,FOUR-WAY INTERSECTION,,ASPHALT,OTHER (DRIVER) - EXPLAIN IN NARRATIVE,$1001 TO $2500,OTHER - EXPLAIN IN NARRATIVE,NWALNUTSTE12THST,1,
INDIANA UNIV BLOOMINGTON PD,223135,MONROE,BLOOMINGTON,BLOOMINGTON,9/7/22,1:05 PM,1,,1,0,0,,E 7TH ST,,,,,E 7TH ST,STADIUM DR.,,,,Y,,0,,39.16883236,-86.5170706,LOCAL/CITY ROAD,,,,URBAN,N,N,N,,DAYLIGHT,CLEAR,DRY,,T-INTERSECTION,,ASPHALT,CELL PHONE USAGE,UNDER $1001,COLLISION WITH OBJECT IN ROAD,STADIUMDR.E7THST,1,
BLOOMINGTON PD,B22-32301,MONROE,PERRY,BLOOMINGTON,8/18/22,5:00 PM,1,,1,0,0,,W 1ST ST,,,,,W 1ST ST,S WALNUT ST,,,,Y,,0,,39.15935447,-86.53371102,LOCAL/CITY ROAD,,,,URBAN,N,N,N,,DAYLIGHT,CLEAR,DRY,,FOUR-WAY INTERSECTION,,ASPHALT,PEDESTRIAN ACTION,$1001 TO $2500,RIGHT ANGLE,W1STSTSWALNUTST,1,
ELLETTSVILLE PD,8291472,MONROE,RICHLAND,ELLETTSVILLE,8/29/14,6:50 AM,1,0,0,1,0,,,,SR46E,,,SR46E,FITH,,,,Y,OTHER,,,39.23343737,-86.62428439,STATE ROAD,,N,N,URBAN,N,N,N,,DAWN/DUSK,CLEAR,DRY,NONE,NO JUNCTION INVOLVED,STRAIGHT/LEVEL,ASPHALT,PEDESTRIAN ACTION,$1001 TO $2500,NON-COLLISION,FITHSTSR46E,1,NONE
MONROE SD,M22A16599,MONROE,BEAN BLOSSOM,ELLETTSVILLE,7/11/22,12:25 PM,1,,1,0,0,,W CHAFIN CHAPEL RD,,,,,W CHAFIN CHAPEL RD,RODEO DR,,,,N,,0,,39.25960195,-86.64515262,LOCAL/CITY ROAD,,,,RURAL,N,N,N,,DAYLIGHT,CLEAR,DRY,,T-INTERSECTION,,ASPHALT,PEDESTRIAN ACTION,UNDER $1001,OTHER - EXPLAIN IN NARRATIVE,WCHAFINCHAPELRDRODEODR,1,
ELLETTSVILLE PD,SALE AND ASSOCIATION,MONROE,RICHLAND,ELLETTSVILLE,9/29/22,7:05 AM,1,,1,0,0,,S SALE ST,,,,,S SALE ST,W ASSOCIATION ST,,,,Y,,0,,39.23314911,-86.62547332,LOCAL/CITY ROAD,,,,URBAN,N,N,N,,DARK (LIGHTED),CLEAR,DRY,,FOUR-WAY INTERSECTION,,ASPHALT,FAILURE TO YIELD RIGHT OF WAY,UNDER $1001,LEFT TURN,WASSOCIATIONSTSSALEST,1,
MONROE SD,M17A23753,MONROE,BEAN BLOSSOM,STINESVILLE,9/30/17,11:20 PM,1,0,1,0,0,,STINESVILLE,RD,,,,STINESVILLE,,,,,N,OTHER,,,39.266752,-86.6656,LOCAL/CITY ROAD,,N,N,RURAL,N,N,N,,DARK (NOT LIGHTED),CLEAR,DRY,NONE,T-INTERSECTION,STRAIGHT/LEVEL,ASPHALT,PEDESTRIAN ACTION,UNDER $1001,OTHER - EXPLAIN IN NARRATIVE,SR46WSTINESVILLERD,1,STOP SIGN
BLOOMINGTON PD,41213250,MONROE,PERRY,BLOOMINGTON,4/12/13,5:40 PM,1,0,1,0,0,,2ND,ST,,,,2ND ST,WALNUT,,,,Y,OTHER,150,E,39.16140027,-86.53364272,LOCAL/CITY ROAD,,N,N,URBAN,N,N,N,,DAYLIGHT,CLEAR,DRY,NONE,NO JUNCTION INVOLVED,STRAIGHT/LEVEL,ASPHALT,PEDESTRIAN ACTION,UNDER $1001,RIGHT ANGLE,2NDSTWALNUTST,1,NONE
BLOOMINGTON PD,51113272,MONROE,BLOOMINGTON,BLOOMINGTON,5/11/13,8:39 PM,1,0,2,0,0,1107,JACKSON,ST,,,,NORTH JACKSON ST,,,,,Y,PRIVATE,,,39.17782237,-86.53966106,OTHER,,Y,N,URBAN,N,N,N,,DARK (LIGHTED),CLEAR,DRY,NONE,NO JUNCTION INVOLVED,STRAIGHT/GRADE,GRAVEL,UNSAFE BACKING,UNDER $1001,BACKING CRASH,NORTHJACKSONST,0,NONE
BLOOMINGTON PD,60613233,MONROE,PERRY,BLOOMINGTON,6/6/13,5:35 PM,2,0,1,0,0,2602,E EASTGATE,LN,,,,E EASTGATE LN,,,,,Y,PRIVATE,,,39.168434,-86.498863,OTHER,,N,N,URBAN,N,N,N,,DAYLIGHT,CLEAR,DRY,NONE,T-INTERSECTION,STRAIGHT/GRADE,ASPHALT,BRAKE FAILURE OR DEFECTIVE,$1001 TO $2500,LEFT TURN,EEASTGATELN,1,NONE
BLOOMINGTON PD,90913092,MONROE,BLOOMINGTON,BLOOMINGTON,9/9/13,10:54 AM,1,0,1,0,0,,N MORTON,ST,,,,N MORTON ST,W 6TH,,,,Y,OTHER,50,N,39.167664,-86.536,LOCAL/CITY ROAD,,N,N,URBAN,N,N,N,,DAYLIGHT,CLEAR,DRY,NONE,NO JUNCTION INVOLVED,STRAIGHT/LEVEL,ASPHALT,UNSAFE BACKING,UNDER $1001,BACKING CRASH,NMORTONSTW6THST,1,NONE