Agency,Local Code,County,Township,City,Collision Date,Collision Time,Vehicles Involved,Trailers Involved,Number Injured,Number Dead,Number Deer,House Number,Roadway Name,Roadway Suffix,Roadway Number,Roadway Interchange,Roadway Ramp,Roadway Id,Intersecting Road,Intersecting Road Number,Mile Marker,Interchange,Corporate Limits?,Property Type,Feet From,Direction,Latitude,Longitude,Roadway Class,Traffic Control Devices?,Aggressive Driving?,Hit and Run?,Locality,School Zone?,Rumble Strips?,Construction?,Construction Type,Light Condition,Weather Conditions,Surface Condition,Type of Median,Roadway Junction Type,Road Character,Roadway Surface,Primary Factor,Damage Estimate,Manner of Collision,Unique Location Id,State Property Damage?,Traffic Control
BLOOMINGTON PD,B1518354,MONROE,PERRY,BLOOMINGTON,5/6/15,11:03 AM,1,0,1,0,0,,1ST,ST,,,,1ST,B LINE,,,,Y,,,,0,0,LOCAL/CITY ROAD,,N,N,URBAN,N,N,N,,DAYLIGHT,CLEAR,DRY,,NO JUNCTION INVOLVED,STRAIGHT/GRADE,ASPHALT,DISREGARD SIGNAL/REG SIGN,UNDER $1001,RIGHT ANGLE,1STSTBLINETRL,1,STOP SIGN
INDIANA UNIV BLOOMINGTON PD,152780,MONROE,BLOOMINGTON,BLOOMINGTON,10/19/15,4:12 PM,1,0,1,0,0,,JORDAN,AVE,,,,JORDAN,E JONES,,,,Y,,,,39.16540012,-86.51640996,LOCAL/CITY ROAD,,N,N,URBAN,N,N,N,,DAYLIGHT,CLEAR,DRY,CURBED,T-INTERSECTION,STRAIGHT/LEVEL,ASPHALT,FAILURE TO YIELD RIGHT OF WAY,$1001 TO $2500,RIGHT ANGLE,EJONESAVEJORDANAVE,1,NONE
BLOOMINGTON PD,B1547036,MONROE,PERRY,BLOOMINGTON,11/3/15,10:02 AM,1,0,1,0,0,1201,W ALLEN,ST,,,,W ALLEN,,,,,Y,,,,39.156128,-86.560912,OTHER,,N,Y,URBAN,N,N,N,,DAYLIGHT,CLEAR,DRY,,NO JUNCTION INVOLVED,STRAIGHT/GRADE,ASPHALT,IMPROPER TURNING,$1001 TO $2500,COLLISION WITH OBJECT IN ROAD,WALLENST,1,NONE
BLOOMINGTON PD,B1551678,MONROE,PERRY,BLOOMINGTON,12/6/15,2:26 AM,1,0,1,0,0,,ATWATER,AVE,,,,ATWATER,HENDERSON,,,,Y,,,,39.163344,-86.5272,LOCAL/CITY ROAD,Y,N,N,URBAN,N,N,N,,DARK (LIGHTED),CLEAR,DRY,,FOUR-WAY INTERSECTION,STRAIGHT/LEVEL,ASPHALT,PEDESTRIAN ACTION,$2501 TO $5000,RIGHT ANGLE,ATWATERAVEHENDERSONST,1,TRAFFIC CONTROL SIGNAL
BLOOMINGTON PD,B1553374,MONROE,BLOOMINGTON,BLOOMINGTON,12/18/15,6:17 PM,1,0,1,0,0,,S PATTERSON,DR,,,,S PATTERSON,W 3RD,,,,Y,,,,39.16344009,-86.55128002,LOCAL/CITY ROAD,Y,N,N,URBAN,N,N,N,,DARK (NOT LIGHTED),CLEAR,DRY,,T-INTERSECTION,STRAIGHT/GRADE,ASPHALT,PEDESTRIAN ACTION,$1001 TO $2500,OTHER - EXPLAIN IN NARRATIVE,SPATTERSONDRW3RDST,1,TRAFFIC CONTROL SIGNAL
INDIANA UNIV BLOOMINGTON PD,161663,MONROE,BLOOMINGTON,BLOOMINGTON,7/28/16,2:30 PM,1,0,0,0,0,,17TH,ST,,,,17TH,WOODLAWN,,,,Y,,,,39.178992,-86.523504,LOCAL/CITY ROAD,,N,Y,URBAN,N,N,Y,LANE CLOSURE,DAYLIGHT,CLOUDY,WET,,FOUR-WAY INTERSECTION,STRAIGHT/LEVEL,ASPHALT,OTHER (DRIVER) - EXPLAIN IN NARRATIVE,UNDER $1001,OTHER - EXPLAIN IN NARRATIVE,17THSTWOODLAWNAVE,1,OFFICER/CROSSING GUARD/FLAGMAN
INDIANA UNIV BLOOMINGTON PD,162530,MONROE,BLOOMINGTON,BLOOMINGTON,10/17/16,6:34 AM,1,0,1,0,0,,7TH,ST,,,,7TH,JORDAN,,,,Y,,,,39.168944,-86.516016,LOCAL/CITY ROAD,,N,N,URBAN,N,N,N,,DARK (LIGHTED),CLEAR,DRY,,NO JUNCTION INVOLVED,STRAIGHT/LEVEL,ASPHALT,FAILURE TO YIELD RIGHT OF WAY,UNDER $1001,OTHER - EXPLAIN IN NARRATIVE,7THSTJORDANAVE,1,STOP SIGN
BLOOMINGTON PD,B1646434,MONROE,BLOOMINGTON,BLOOMINGTON,11/18/16,11:09 AM,1,0,1,0,0,,S LEONARD SPRINGS,RD,,,,S LEONARD SPRINGS,W TAPP,,,,Y,,,,39.1368299,-86.58261023,LOCAL/CITY ROAD,Y,N,Y,URBAN,N,N,N,,DAYLIGHT,CLOUDY,DRY,,T-INTERSECTION,STRAIGHT/GRADE,ASPHALT,FAILURE TO YIELD RIGHT OF WAY,UNDER $1001,RIGHT TURN,SLEONARDSPRINGSRDWTAPPRD,1,TRAFFIC CONTROL SIGNAL
BLOOMINGTON PD,B1647623,MONROE,VAN BUREN,BLOOMINGTON,11/29/16,12:47 PM,1,0,0,0,0,,W WYLIE,ST,,,,W WYLIE,S FAIRVIEW,,,,Y,,200,W,39.15839016,-86.5410227,LOCAL/CITY ROAD,,N,N,URBAN,N,N,N,,DAYLIGHT,CLOUDY,DRY,,NO JUNCTION INVOLVED,STRAIGHT/HILLCREST,ASPHALT,UNSAFE BACKING,UNDER $1001,BACKING CRASH,SFAIRVIEWSTWWYLIEST,1,NONE
BLOOMINGTON PD,B1710731,MONROE,PERRY,BLOOMINGTON,3/23/17,4:06 PM,1,0,1,0,0,,E 2ND,ST,,,,E 2ND,S COLLEGE MALL,,,,Y,,,,39.160944,-86.497696,LOCAL/CITY ROAD,Y,N,N,URBAN,N,N,N,,DAYLIGHT,CLOUDY,DRY,,NO JUNCTION INVOLVED,STRAIGHT/GRADE,ASPHALT,DISREGARD SIGNAL/REG SIGN,UNDER $1001,RIGHT ANGLE,E2NDSTSCOLLEGEMALLRD,1,TRAFFIC CONTROL SIGNAL
BLOOMINGTON PD,B1711806,MONROE,PERRY,BLOOMINGTON,3/30/17,5:55 PM,1,0,1,0,0,,S MEADOWBROOK,DR,,,,S MEADOWBROOK,E BRIGHTON,,,,Y,,,,39.157648,-86.487248,LOCAL/CITY ROAD,,N,N,URBAN,N,N,N,,DAYLIGHT,RAIN,WET,,T-INTERSECTION,STRAIGHT/LEVEL,ASPHALT,OTHER (ENVIRONMENTAL) - EXPLAIN IN NARR,$1001 TO $2500,SAME DIRECTION SIDESWIPE,EBRIGHTONAVESMEADOWBROOKDR,1,NONE
BLOOMINGTON PD,B1712005,MONROE,PERRY,BLOOMINGTON,3/31/17,11:31 PM,1,0,1,0,0,,S WALNUT,ST,,,,S WALNUT,E ALLEN,,,,Y,,100,S,39.155648,-86.5336,LOCAL/CITY ROAD,,N,N,URBAN,N,N,N,,DARK (LIGHTED),CLOUDY,WET,,NO JUNCTION INVOLVED,STRAIGHT/LEVEL,ASPHALT,PEDESTRIAN ACTION,UNDER $1001,OTHER - EXPLAIN IN NARRATIVE,EALLENRDSWALNUTST,1,NONE
BLOOMINGTON PD,B1714930,MONROE,BLOOMINGTON,BLOOMINGTON,4/20/17,10:53 PM,1,0,1,0,0,,,,SR46E,,,SR46E,DUNN,,,,Y,,,,39.186352,-86.528496,STATE ROAD,Y,N,N,URBAN,N,N,N,,DARK (NOT LIGHTED),CLOUDY,WET,,FOUR-WAY INTERSECTION,STRAIGHT/LEVEL,ASPHALT,SPEED TOO FAST FOR WEATHER CONDITIONS,UNDER $1001,OTHER - EXPLAIN IN NARRATIVE,DUNNSTSR46E,1,TRAFFIC CONTROL SIGNAL
BLOOMINGTON PD,B1724971,MONROE,BLOOMINGTON,BLOOMINGTON,6/26/17,1:05 PM,1,0,1,0,0,1926,W ARLINGTON,RD,,,,W ARLINGTON,,,,,Y,,,,39.18519346,-86.55064102,LOCAL/CITY ROAD,,N,N,URBAN,N,N,N,,DAYLIGHT,CLEAR,DRY,,NO JUNCTION INVOLVED,STRAIGHT/LEVEL,ASPHALT,OTHER (VEHICLE) - EXPLAIN IN NARRATIVE,$1001 TO $2500,OTHER - EXPLAIN IN NARRATIVE,WARLINGTONRD,0,LANE CONTROL
BLOOMINGTON PD,B1728404,MONROE,BLOOMINGTON,BLOOMINGTON,7/17/17,5:25 PM,2,0,1,0,0,,S KINGSTON,DR,,,,S KINGSTON,E 3RD,,,,Y,,,,39.16424,-86.492944,LOCAL/CITY ROAD,,N,N,URBAN,N,N,N,,DAYLIGHT,CLEAR,DRY,,NO JUNCTION INVOLVED,STRAIGHT/LEVEL,ASPHALT,PEDESTRIAN ACTION,UNDER $1001,LEFT TURN,E3RDSTSKINGSTONDR,1,LANE CONTROL
BLOOMINGTON PD,B1732260,MONROE,BLOOMINGTON,BLOOMINGTON,8/12/17,11:16 AM,2,0,1,0,0,,ILLINOIS,CT,,,,ILLINOIS,ILLINOIS,,,,Y,OTHER,500,E,39.173344,-86.550304,LOCAL/CITY ROAD,,N,N,URBAN,N,N,N,,DAYLIGHT,CLEAR,DRY,,NO JUNCTION INVOLVED,STRAIGHT/LEVEL,ASPHALT,OTHER (DRIVER) - EXPLAIN IN NARRATIVE,$2501 TO $5000,OTHER - EXPLAIN IN NARRATIVE,ILLINOISCTILLINOISST,1,NONE
BLOOMINGTON PD,B1732691,MONROE,PERRY,BLOOMINGTON,8/15/17,1:46 AM,1,0,1,0,0,,MADISON,ST,,,,MADISON,PATTERSON,,,,Y,,,,39.15384,-86.53764,LOCAL/CITY ROAD,,Y,Y,URBAN,N,N,N,,DARK (NOT LIGHTED),CLEAR,DRY,,NO JUNCTION INVOLVED,STRAIGHT/LEVEL,ASPHALT,UNSAFE SPEED,UNDER $1001,OTHER - EXPLAIN IN NARRATIVE,MADISONSTPATTERSONDR,1,NONE
INDIANA UNIV BLOOMINGTON PD,172586,MONROE,BLOOMINGTON,BLOOMINGTON,10/26/17,5:06 PM,1,0,1,0,0,,6TH,ST,,,,6TH,INDIANA,,,,Y,,,,39.167744,-86.526928,LOCAL/CITY ROAD,,N,N,URBAN,N,N,N,,DAYLIGHT,CLEAR,DRY,,NO JUNCTION INVOLVED,STRAIGHT/LEVEL,ASPHALT,FAILURE TO YIELD RIGHT OF WAY,UNDER $1001,LEFT TURN,6THSTINDIANAAVE,1,STOP SIGN
BLOOMINGTON PD,B1747133,MONROE,BLOOMINGTON,BLOOMINGTON,11/16/17,6:29 PM,1,0,1,0,0,,N PETE ELLIS,DR,,,,N PETE ELLIS,E JOHN HINKLE,,,,Y,,100,N,39.17072,-86.4956,LOCAL/CITY ROAD,,N,N,URBAN,N,N,N,,DARK (LIGHTED),CLEAR,DRY,,FOUR-WAY INTERSECTION,STRAIGHT/GRADE,ASPHALT,PEDESTRIAN ACTION,$1001 TO $2500,COLLISION WITH OBJECT IN ROAD,EJOHNHINKLEPLNPETEELLISDR,1,STOP SIGN
ISP BLOOMINGTON 33,2.018E+11,MONROE,PERRY,BLOOMINGTON,4/7/18,7:35 PM,3,0,4,0,0,,,,SR37,,,SR37,SMITHVILLE,,,,N,,2500,N,39.16424,-86.480688,STATE ROAD,,N,N,RURAL,N,N,N,,DAWN/DUSK,CLEAR,DRY,,NO JUNCTION INVOLVED,STRAIGHT/LEVEL,ASPHALT,UNSAFE SPEED,$10001 TO $25000,REAR END,SMITHVILLERDSR37,1,LANE CONTROL
BLOOMINGTON PD,B1815541,MONROE,RICHLAND,BLOOMINGTON,4/19/18,6:50 PM,1,0,1,0,0,160,N GATES,DR,,,,N GATES,,,,,Y,,,,39.16781211,-86.57606255,LOCAL/CITY ROAD,,N,N,URBAN,N,N,N,,DAYLIGHT,CLEAR,DRY,,NO JUNCTION INVOLVED,STRAIGHT/LEVEL,ASPHALT,UNSAFE BACKING,UNDER $1001,BACKING CRASH,NGATESDR,1,NONE
BLOOMINGTON PD,B1817766,MONROE,BLOOMINGTON,BLOOMINGTON,5/2/18,4:22 PM,1,0,1,0,0,,S WALNUT,ST,,,,S WALNUT,W 4TH,,,,Y,,,,39.165648,-86.5336,LOCAL/CITY ROAD,Y,N,N,URBAN,N,N,N,,DAYLIGHT,CLEAR,DRY,,NO JUNCTION INVOLVED,STRAIGHT/LEVEL,ASPHALT,FAILURE TO YIELD RIGHT OF WAY,UNDER $1001,LEFT TURN,SWALNUTSTW4THST,1,TRAFFIC CONTROL SIGNAL
BLOOMINGTON PD,B1818677,MONROE,PERRY,BLOOMINGTON,5/8/18,5:06 PM,1,0,1,0,0,1210,S WALNUT,ST,,,,S WALNUT,,,,,Y,,,,39.15334857,-86.5336,OTHER,,N,N,URBAN,N,N,N,,DAYLIGHT,CLEAR,DRY,,T-INTERSECTION,STRAIGHT/LEVEL,ASPHALT,UNSAFE BACKING,$1001 TO $2500,BACKING CRASH,SWALNUTST,1,NONE
INDIANA UNIV BLOOMINGTON PD,182003,MONROE,BLOOMINGTON,BLOOMINGTON,9/8/18,8:13 PM,1,0,1,0,0,,10TH,ST,,,,10TH,WOODLAWN,,,,Y,,,,39.171632,-86.523536,LOCAL/CITY ROAD,Y,N,N,URBAN,N,N,N,,DARK (LIGHTED),RAIN,WATER (STANDING OR MOVING),,FOUR-WAY INTERSECTION,STRAIGHT/LEVEL,ASPHALT,PEDESTRIAN ACTION,$1001 TO $2500,COLLISION WITH OBJECT IN ROAD,10THSTWOODLAWNAVE,1,TRAFFIC CONTROL SIGNAL
BLOOMINGTON PD,B1837773,MONROE,BLOOMINGTON,BLOOMINGTON,9/14/18,5:00 PM,1,0,1,0,0,,E 3RD,ST,,,,E 3RD,,,,,Y,,,,39.16424,-86.473296,LOCAL/CITY ROAD,Y,N,N,URBAN,N,N,N,,DAYLIGHT,CLEAR,DRY,,FOUR-WAY INTERSECTION,STRAIGHT/LEVEL,ASPHALT,FAILURE TO YIELD RIGHT OF WAY,UNDER $1001,RIGHT ANGLE,E3RDSTSR46N,1,TRAFFIC CONTROL SIGNAL
INDIANA UNIV BLOOMINGTON PD,1825226,MONROE,BLOOMINGTON,BLOOMINGTON,10/22/18,8:58 PM,1,0,1,0,0,,JORDAN,AVE,,,,JORDAN,17TH,,,,Y,,,,39.178848,-86.511088,LOCAL/CITY ROAD,,N,N,URBAN,N,N,N,,DARK (LIGHTED),CLEAR,DRY,,T-INTERSECTION,STRAIGHT/HILLCREST,ASPHALT,FAILURE TO YIELD RIGHT OF WAY,$2501 TO $5000,COLLISION WITH OBJECT IN ROAD,EAST17THSTJORDANAVE,1,STOP SIGN
BLOOMINGTON PD,B1906033,MONROE,BLOOMINGTON,BLOOMINGTON,2/12/19,7:51 PM,1,0,1,0,0,,W 17TH,ST,,,,W 17TH,N COLLEGE,,,,Y,,,,39.17896,-86.53472,LOCAL/CITY ROAD,Y,N,N,URBAN,N,N,N,,DARK (LIGHTED),CLEAR,WET,,FOUR-WAY INTERSECTION,STRAIGHT/GRADE,ASPHALT,PEDESTRIAN ACTION,$1001 TO $2500,OTHER - EXPLAIN IN NARRATIVE,NCOLLEGEAVEW17THST,1,TRAFFIC CONTROL SIGNAL
BLOOMINGTON PD,B1907504,MONROE,PERRY,BLOOMINGTON,2/20/19,4:05 PM,1,0,1,0,0,,7TH,ST,,,,WEST 7TH,WALNUT,,,,Y,,,,39.16855,-86.53359,LOCAL/CITY ROAD,Y,N,N,URBAN,N,N,N,,DAYLIGHT,CLOUDY,DRY,,FOUR-WAY INTERSECTION,STRAIGHT/LEVEL,ASPHALT,FAILURE TO YIELD RIGHT OF WAY,UNDER $1001,LEFT TURN,NORTHWALNUTSTWEST7THST,1,TRAFFIC CONTROL SIGNAL
BLOOMINGTON PD,B1908834,MONROE,BLOOMINGTON,BLOOMINGTON,3/3/19,1:28 PM,1,0,1,0,0,3600,W 3RD,ST,,,,W 3RD,,,,,Y,,,,39.16424,-86.48635271,OTHER,,N,N,URBAN,N,N,N,,DAYLIGHT,SNOW,SNOW/SLUSH,,NO JUNCTION INVOLVED,STRAIGHT/LEVEL,ASPHALT,FAILURE TO YIELD RIGHT OF WAY,UNDER $1001,OTHER - EXPLAIN IN NARRATIVE,W3RDST,1,NONE
MONROE SD,M19A15710,MONROE,BLOOMINGTON,BLOOMINGTON,5/13/19,10:23 PM,1,0,0,1,0,,,,SR45E,,,SR45E,NORTH RUSSELL,,,,N,,500,S,39.19897945,-86.46794293,STATE ROAD,,N,Y,RURAL,N,Y,N,,DARK (NOT LIGHTED),CLEAR,DRY,,NO JUNCTION INVOLVED,STRAIGHT/GRADE,ASPHALT,OTHER (DRIVER) - EXPLAIN IN NARRATIVE,$1001 TO $2500,OTHER - EXPLAIN IN NARRATIVE,NORTHRUSSELLRDSR45E,1,NONE
BLOOMINGTON PD,B19-47751,MONROE,BLOOMINGTON,BLOOMINGTON,11/13/19,1:45 PM,1,0,1,0,0,,E 3RD,ST,,,,E 3RD,S COLLEGE MALL,,,,Y,,,,39.16424,-86.4984,LOCAL/CITY ROAD,Y,N,N,URBAN,N,N,N,,DAYLIGHT,CLEAR,DRY,,FOUR-WAY INTERSECTION,STRAIGHT/LEVEL,ASPHALT,FAILURE TO YIELD RIGHT OF WAY,UNDER $1001,LEFT TURN,E3RDSTSCOLLEGEMALLRD,1,TRAFFIC CONTROL SIGNAL
BLOOMINGTON PD,B2030281,MONROE,BLOOMINGTON,BLOOMINGTON,8/22/20,8:23 PM,1,0,1,0,0,,N WALNUT,ST,,,,N WALNUT,KIRKWOOD,,,,Y,,,,39.16664,-86.5336,LOCAL/CITY ROAD,Y,N,N,URBAN,N,N,N,,DAWN/DUSK,CLEAR,DRY,,FOUR-WAY INTERSECTION,STRAIGHT/LEVEL,ASPHALT,PEDESTRIAN ACTION,UNDER $1001,OTHER - EXPLAIN IN NARRATIVE,KIRKWOODAVENWALNUTST,1,TRAFFIC CONTROL SIGNAL
BLOOMINGTON PD,B2043160,MONROE,PERRY,BLOOMINGTON,12/2/20,6:45 PM,1,0,1,0,0,,WEST 3RD,ST,,,,WEST 3RD,SOUTH CURRY,,,,Y,,,,39.16465,-86.582939,LOCAL/CITY ROAD,Y,N,N,URBAN,N,N,N,,DARK (NOT LIGHTED),CLEAR,DRY,,FOUR-WAY INTERSECTION,STRAIGHT/LEVEL,ASPHALT,PEDESTRIAN ACTION,$5001 TO $10000,OTHER - EXPLAIN IN NARRATIVE,SOUTHCURRYPIKEWEST3RDST,1,TRAFFIC CONTROL SIGNAL
MONROE SD,M21A7128,MONROE,VAN BUREN,BLOOMINGTON,3/12/21,8:19 PM,1,0,0,0,0,,RAYLE,PL,,,,RAYLE,W TAPP,,,,N,,,,39.13704,-86.577504,LOCAL/CITY ROAD,,N,N,URBAN,N,N,N,,DARK (NOT LIGHTED),CLEAR,DRY,,T-INTERSECTION,STRAIGHT/LEVEL,ASPHALT,OTHER (ENVIRONMENTAL) - EXPLAIN IN NARR,$1001 TO $2500,COLLISION WITH OBJECT IN ROAD,RAYLEPLWTAPPRD,0,LANE CONTROL
BLOOMINGTON PD,B2108894,MONROE,BLOOMINGTON,BLOOMINGTON,3/22/21,4:32 PM,1,0,1,0,0,,E 2ND,ST,,,,E 2ND,S COLLEGE MALL,,,,Y,,,,39.1609319,-86.4977835,LOCAL/CITY ROAD,Y,N,N,URBAN,N,N,N,,DAYLIGHT,CLEAR,DRY,,FOUR-WAY INTERSECTION,STRAIGHT/LEVEL,ASPHALT,FAILURE TO YIELD RIGHT OF WAY,UNDER $1001,LEFT TURN,E2NDSTSCOLLEGEMALLRD,1,TRAFFIC CONTROL SIGNAL
BLOOMINGTON PD,B2129495,MONROE,BLOOMINGTON,BLOOMINGTON,8/22/21,9:00 PM,1,0,1,0,0,,SOUTH HENDERSON,ST,,,,SOUTH HENDERSON,EAST BRANDON,,,,Y,,250,S,39.11170976,-86.526926,LOCAL/CITY ROAD,,N,N,URBAN,N,Y,N,,DARK (NOT LIGHTED),CLEAR,DRY,,NO JUNCTION INVOLVED,STRAIGHT/LEVEL,ASPHALT,PEDESTRIAN ACTION,UNDER $1001,COLLISION WITH OBJECT IN ROAD,EASTBRANDONCTSOUTHHENDERSONST,1,LANE CONTROL
MONROE SD,M22A15886,MONROE,BENTON,BLOOMINGTON,7/3/22,10:42 PM,1,,1,0,0,,N TUNNEL RD,,,,,N TUNNEL RD,,,,,N,,0,,39.2562861,-86.4145865,LOCAL/CITY ROAD,,,,RURAL,N,N,N,,DARK (NOT LIGHTED),CLEAR,DRY,,NO JUNCTION INVOLVED,,ASPHALT,OTHER (DRIVER) - EXPLAIN IN NARRATIVE,UNDER $1001,NON-COLLISION,NTUNNELRD,1,
BLOOMINGTON PD,B23-14863,MONROE,PERRY,BLOOMINGTON,3/24/23,10:50 PM,1,,1,0,0,,S. WALNUT ST,,,,,S. WALNUT ST,E. DIXIE ST,,,,Y,,0,,39.15655921,-86.53365201,LOCAL/CITY ROAD,,,,URBAN,N,N,N,,DARK (NOT LIGHTED),RAIN,WET,,T-INTERSECTION,,ASPHALT,PEDESTRIAN ACTION,UNDER $1001,OTHER - EXPLAIN IN NARRATIVE,S.WALNUTSTE.DIXIEST,1,
BLOOMINGTON PD,B2128878,MONROE,PERRY,BLOOMINGTON,8/18/21,10:23 PM,1,0,1,0,0,,E ST RD 46,HWY,,,,E ST RD 46,S COLLEGE MALL,,,,Y,,100,E,39.1641839,-86.49824424,LOCAL/CITY ROAD,,N,Y,URBAN,N,N,N,,DARK (LIGHTED),CLEAR,DRY,,NO JUNCTION INVOLVED,STRAIGHT/LEVEL,ASPHALT,FAILURE TO YIELD RIGHT OF WAY,$1001 TO $2500,RIGHT TURN,ESTRD46HWYSCOLLEGEMALLRD,1,NONE
BLOOMINGTON PD,B2129989,MONROE,PERRY,BLOOMINGTON,8/26/21,4:31 PM,2,0,1,0,0,901,SOUTH TIMOTHY,CT,,,,SOUTH TIMOTHY,,,,,Y,,,,39.157055,-86.557393,OTHER,,N,N,URBAN,N,N,N,,DAYLIGHT,CLEAR,DRY,,NO JUNCTION INVOLVED,STRAIGHT/GRADE,ASPHALT,OTHER (VEHICLE) - EXPLAIN IN NARRATIVE,$5001 TO $10000,RIGHT ANGLE,SOUTHTIMOTHYCT,0,NONE
BLOOMINGTON PD,B2137186,MONROE,BLOOMINGTON,BLOOMINGTON,10/16/21,2:35 AM,1,0,1,0,0,,12TH,ST,,,,12TH,MONROE,,,,Y,,500,E,39.174352,-86.547104,LOCAL/CITY ROAD,,Y,Y,URBAN,N,N,N,,DARK (LIGHTED),RAIN,WET,,NO JUNCTION INVOLVED,STRAIGHT/GRADE,ASPHALT,UNSAFE SPEED,UNDER $1001,SAME DIRECTION SIDESWIPE,12THSTMONROEST,1,NONE
BLOOMINGTON PD,B2132070,MONROE,PERRY,BLOOMINGTON,9/10/21,8:52 AM,1,0,1,0,0,,COUNTRYSIDE,LN,,,,COUNTRYSIDE,S SUNFLOWER,,,,Y,,,,39.13989875,-86.55396847,LOCAL/CITY ROAD,,N,N,URBAN,Y,N,N,,DAYLIGHT,CLEAR,DRY,,FOUR-WAY INTERSECTION,STRAIGHT/GRADE,ASPHALT,OTHER (DRIVER) - EXPLAIN IN NARRATIVE,UNDER $1001,OTHER - EXPLAIN IN NARRATIVE,COUNTRYSIDELNSSUNFLOWERDR,1,STOP SIGN
BLOOMINGTON PD,B2138210,MONROE,BLOOMINGTON,BLOOMINGTON,10/23/21,5:40 PM,1,0,1,0,0,,S FRANKLIN,RD,,,,S FRANKLIN,W 3RD,,,,Y,,,,39.164688,-86.5712,LOCAL/CITY ROAD,Y,N,N,URBAN,N,N,N,,DAYLIGHT,CLOUDY,DRY,,FOUR-WAY INTERSECTION,STRAIGHT/GRADE,CONCRETE,DISREGARD SIGNAL/REG SIGN,UNDER $1001,RIGHT TURN,SFRANKLINRDW3RDST,1,TRAFFIC CONTROL SIGNAL
BLOOMINGTON PD,B2200071,MONROE,BLOOMINGTON,BLOOMINGTON,1/1/22,6:38 PM,1,0,0,0,0,,,,SR46W,,,SR46W,KINSER PIKE,,,,Y,,,,39.186544,-86.537888,STATE ROAD,,N,N,URBAN,N,N,N,,DARK (NOT LIGHTED),RAIN,WET,,FOUR-WAY INTERSECTION,STRAIGHT/LEVEL,ASPHALT,PEDESTRIAN ACTION,UNDER $1001,OTHER - EXPLAIN IN NARRATIVE,KINSERPIKERDSR46W,1,NONE
INDIANA UNIV BLOOMINGTON PD,212424,MONROE,BLOOMINGTON,BLOOMINGTON,9/8/21,9:30 AM,1,0,1,0,0,,INDIANA,AVE,,,,INDIANA,4TH,,,,Y,,,,39.165648,-86.526848,LOCAL/CITY ROAD,,N,Y,URBAN,N,N,N,,DAYLIGHT,CLEAR,DRY,,FOUR-WAY INTERSECTION,STRAIGHT/LEVEL,ASPHALT,FAILURE TO YIELD RIGHT OF WAY,$1001 TO $2500,LEFT TURN,4THSTINDIANAAVE,1,STOP SIGN
MONROE SD,M21A28848,MONROE,RICHLAND,BLOOMINGTON,10/19/21,4:06 PM,1,0,1,0,0,750,N DANIELS,WAY,,,,N DANIELS,,,,,Y,,,,39.173888,-86.597983,OTHER,,N,N,URBAN,N,N,N,,DAYLIGHT,CLEAR,DRY,,NO JUNCTION INVOLVED,STRAIGHT/LEVEL,ASPHALT,PEDESTRIAN ACTION,UNDER $1001,OTHER - EXPLAIN IN NARRATIVE,NDANIELSWAY,1,NONE
BLOOMINGTON PD,B22-19109,MONROE,PERRY,BLOOMINGTON,5/24/22,1:50 PM,1,,1,0,0,,E MILLER DR,,,,,E MILLER DR,,,,,Y,,0,,39.14750029,-86.5305293,,,,,URBAN,N,N,N,,DAYLIGHT,CLEAR,DRY,,NO JUNCTION INVOLVED,,ASPHALT,UNSAFE BACKING,UNDER $1001,BACKING CRASH,EMILLERDR,1,
INDIANA UNIV BLOOMINGTON PD,220626,MONROE,BLOOMINGTON,BLOOMINGTON,2/17/22,3:08 PM,1,,1,0,0,,E 7TH ST,,,,,E 7TH ST,STADIUM DRIVE,,,,Y,,0,,39.16885212,-86.51708133,LOCAL/CITY ROAD,,,,URBAN,N,N,N,,DAYLIGHT,RAIN,WET,,T-INTERSECTION,,ASPHALT,FAILURE TO YIELD RIGHT OF WAY,UNDER $1001,LEFT TURN,STADIUMDRIVEE7THST,1,