Agency,Local Code,County,Township,City,Collision Date,Collision Time,Vehicles Involved,Trailers Involved,Number Injured,Number Dead,Number Deer,House Number,Roadway Name,Roadway Suffix,Roadway Number,Roadway Interchange,Roadway Ramp,Roadway Id,Intersecting Road,Intersecting Road Number,Mile Marker,Interchange,Corporate Limits?,Property Type,Feet From,Direction,Latitude,Longitude,Roadway Class,Traffic Control Devices?,Aggressive Driving?,Hit and Run?,Locality,School Zone?,Rumble Strips?,Construction?,Construction Type,Light Condition,Weather Conditions,Surface Condition,Type of Median,Roadway Junction Type,Road Character,Roadway Surface,Primary Factor,Damage Estimate,Manner of Collision,Unique Location Id,State Property Damage?,Traffic Control
ISP BLOOMINGTON 33,2.015E+11,MONROE,PERRY,BLOOMINGTON,4/25/15,11:37 PM,1,0,1,0,0,,17TH,ST,,,,17TH,INDIANA,,,,Y,,50,E,39.1790197,-86.52705461,LOCAL/CITY ROAD,,N,N,URBAN,N,N,N,,DARK (LIGHTED),CLEAR,WET,,NO JUNCTION INVOLVED,STRAIGHT/LEVEL,ASPHALT,PEDESTRIAN ACTION,$1001 TO $2500,OTHER - EXPLAIN IN NARRATIVE,17THSTINDIANAAVE,1,LANE CONTROL
MONROE SD,M15A9005,MONROE,CLEAR CREEK,BLOOMINGTON,5/3/15,7:18 PM,1,0,1,0,0,,SOUTH ROGERS,ST,,,,SOUTH ROGERS,WEST CLEAR CREEK,,,,N,,372,S,39.07189666,-86.53976999,COUNTY ROAD,,N,N,URBAN,N,N,N,,DAYLIGHT,CLEAR,DRY,,NO JUNCTION INVOLVED,STRAIGHT/LEVEL,ASPHALT,PEDESTRIAN ACTION,UNDER $1001,OTHER - EXPLAIN IN NARRATIVE,SOUTHROGERSSTWESTCLEARCREEKRD,1,NONE
BLOOMINGTON PD,B1521929,MONROE,PERRY,BLOOMINGTON,5/29/15,4:30 AM,1,0,1,0,0,3305,S ODELL,DR,,,,S ODELL,,,,,Y,,,,39.1264008,-86.52882926,OTHER,,N,N,URBAN,N,N,N,,DARK (LIGHTED),CLOUDY,DRY,,NO JUNCTION INVOLVED,STRAIGHT/LEVEL,ASPHALT,UNSAFE BACKING,UNDER $1001,BACKING CRASH,SODELLDR,1,NONE
MONROE SD,M15A13931,MONROE,BLOOMINGTON,BLOOMINGTON,7/4/15,4:36 PM,1,0,1,0,0,,S WEIMER,RD,,,,S WEIMER,W TAPP,,,,N,,1000,N,39.24219879,-86.56199008,LOCAL/CITY ROAD,,N,Y,RURAL,N,N,N,,DAYLIGHT,CLEAR,DRY,,NO JUNCTION INVOLVED,STRAIGHT/LEVEL,ASPHALT,OTHER (DRIVER) - EXPLAIN IN NARRATIVE,,OTHER - EXPLAIN IN NARRATIVE,SWEIMERRDWTAPPRD,1,NONE
BLOOMINGTON PD,B1527873,MONROE,BLOOMINGTON,BLOOMINGTON,7/7/15,8:52 AM,1,0,0,0,0,,COLLEGE,AVE,,,,COLLEGE,KIRKWOOD,,,,Y,,,,39.16664,-86.5348,LOCAL/CITY ROAD,Y,N,N,URBAN,N,N,N,,DAYLIGHT,CLOUDY,DRY,,FOUR-WAY INTERSECTION,STRAIGHT/LEVEL,ASPHALT,FAILURE TO YIELD RIGHT OF WAY,UNDER $1001,RIGHT TURN,COLLEGEAVEKIRKWOODAVE,1,TRAFFIC CONTROL SIGNAL
BLOOMINGTON PD,B1536403,MONROE,RICHLAND,BLOOMINGTON,8/29/15,6:27 AM,1,0,1,0,0,,3RD,ST,,,,3RD,GATES,,,,Y,,,,0,0,LOCAL/CITY ROAD,,N,N,RURAL,N,N,N,,DARK (NOT LIGHTED),CLEAR,DRY,,NO JUNCTION INVOLVED,STRAIGHT/LEVEL,ASPHALT,PEDESTRIAN ACTION,$2501 TO $5000,OTHER - EXPLAIN IN NARRATIVE,3RDSTGATESDR,1,LANE CONTROL
BLOOMINGTON PD,B1538190,MONROE,BLOOMINGTON,BLOOMINGTON,9/8/15,11:03 PM,1,0,1,0,0,,3RD,ST,,,,3RD,MEADOWBROOK,,,,Y,,500,W,39.16424001,-86.48614805,LOCAL/CITY ROAD,,N,N,URBAN,N,N,N,,DARK (NOT LIGHTED),CLEAR,DRY,,NO JUNCTION INVOLVED,STRAIGHT/LEVEL,ASPHALT,PEDESTRIAN ACTION,$1001 TO $2500,OTHER - EXPLAIN IN NARRATIVE,3RDSTMEADOWBROOKRD,1,LANE CONTROL
INDIANA UNIV BLOOMINGTON PD,152350,MONROE,BLOOMINGTON,BLOOMINGTON,9/17/15,5:19 PM,1,0,1,0,0,,TENTH,ST,,,,TENTH,JORDAN,,,,Y,,,,0,0,LOCAL/CITY ROAD,,N,N,URBAN,N,N,N,,DAYLIGHT,CLEAR,DRY,NONE,FOUR-WAY INTERSECTION,STRAIGHT/GRADE,ASPHALT,PEDESTRIAN ACTION,UNDER $1001,OTHER - EXPLAIN IN NARRATIVE,JORDANAVETENTHST,1,NONE
BLOOMINGTON PD,B1540293,MONROE,BLOOMINGTON,BLOOMINGTON,9/21/15,7:30 PM,1,0,1,0,0,,E 10TH,ST,,,,E 10TH,N WASHINGTON,,,,Y,,,,39.171728,-86.5324,LOCAL/CITY ROAD,,N,N,URBAN,N,N,N,,DAWN/DUSK,CLEAR,DRY,,NO JUNCTION INVOLVED,STRAIGHT/LEVEL,CONCRETE,FAILURE TO YIELD RIGHT OF WAY,UNDER $1001,LEFT TURN,E10THSTNWASHINGTONST,1,STOP SIGN
BLOOMINGTON PD,B1542250,MONROE,BLOOMINGTON,BLOOMINGTON,10/3/15,8:19 PM,1,0,1,0,0,2455,N TAMARACK,TRL,,,,N TAMARACK,,,,,Y,,,,39.189968,-86.52128,OTHER,,N,N,URBAN,N,N,N,,DARK (NOT LIGHTED),CLOUDY,DRY,,NO JUNCTION INVOLVED,STRAIGHT/LEVEL,ASPHALT,UNSAFE BACKING,UNDER $1001,BACKING CRASH,NTAMARACKTRL,1,NONE
INDIANA UNIV BLOOMINGTON PD,152690,MONROE,BLOOMINGTON,BLOOMINGTON,10/13/15,1:14 PM,1,0,1,0,0,,INDIANA,AVE,,,,INDIANA,FOURTH,,,,Y,,,,39.16555032,-86.52691014,LOCAL/CITY ROAD,,N,N,URBAN,N,N,N,,DAYLIGHT,CLEAR,DRY,NONE,FOUR-WAY INTERSECTION,STRAIGHT/LEVEL,ASPHALT,FAILURE TO YIELD RIGHT OF WAY,UNDER $1001,LEFT TURN,FOURTHSTINDIANAAVE,1,STOP SIGN
BLOOMINGTON PD,B1543760,MONROE,BLOOMINGTON,BLOOMINGTON,10/13/15,9:32 PM,1,0,1,0,0,,4TH,ST,,,,4TH,GRANT,,,,Y,,,,39.165648,-86.529712,LOCAL/CITY ROAD,,N,N,URBAN,N,N,N,,DARK (LIGHTED),CLEAR,DRY,,FOUR-WAY INTERSECTION,STRAIGHT/GRADE,ASPHALT,HEADLIGHT DEFECTIVE OR NOT ON,UNDER $1001,RIGHT ANGLE,4THSTGRANTST,1,STOP SIGN
BLOOMINGTON PD,B1545323,MONROE,BLOOMINGTON,BLOOMINGTON,10/23/15,3:22 PM,1,0,1,0,0,,2951 N BANKERS,DR,,,,2951 N BANKERS,E RUSGAN,,,,Y,PRIVATE,500,S,39.200752,-86.532592,LOCAL/CITY ROAD,,N,N,URBAN,N,N,N,,DAYLIGHT,CLEAR,DRY,,NO JUNCTION INVOLVED,STRAIGHT/GRADE,ASPHALT,RAN OFF ROAD RIGHT,UNDER $1001,RAN OFF ROAD,2951NBANKERSDRERUSGANDR,1,NONE
INDIANA UNIV BLOOMINGTON PD,152900,MONROE,BLOOMINGTON,BLOOMINGTON,10/28/15,4:30 PM,1,0,1,0,0,,LAW,LN,,,,LAW,JORDAN,,,,Y,,,,39.173552,-86.515488,LOCAL/CITY ROAD,Y,N,N,URBAN,N,N,N,,DAYLIGHT,RAIN,WET,,FOUR-WAY INTERSECTION,STRAIGHT/GRADE,ASPHALT,FAILURE TO YIELD RIGHT OF WAY,$2501 TO $5000,LEFT TURN,JORDANAVELAWLN,1,TRAFFIC CONTROL SIGNAL
BLOOMINGTON PD,B1616389,MONROE,BLOOMINGTON,BLOOMINGTON,4/30/16,1:53 PM,1,0,1,0,0,,KIRKWOOD,AVE,,,,KIRKWOOD,DUNN,,,,Y,,,,39.16664,-86.528192,LOCAL/CITY ROAD,,N,N,URBAN,N,N,N,,DAYLIGHT,RAIN,WET,,FOUR-WAY INTERSECTION,STRAIGHT/LEVEL,ASPHALT,FAILURE TO YIELD RIGHT OF WAY,UNDER $1001,COLLISION WITH OBJECT IN ROAD,DUNNSTKIRKWOODAVE,1,STOP SIGN
BLOOMINGTON PD,B1616546,MONROE,VAN BUREN,BLOOMINGTON,5/1/16,3:40 PM,1,0,0,0,0,3205,W STATE RD 45,RDS,,,,W STATE RD 45,,,,,Y,,,,39.144969,-86.575233,LOCAL/CITY ROAD,,Y,Y,URBAN,N,N,N,,DAYLIGHT,CLOUDY,DRY,,NO JUNCTION INVOLVED,STRAIGHT/LEVEL,ASPHALT,OTHER (DRIVER) - EXPLAIN IN NARRATIVE,,SAME DIRECTION SIDESWIPE,WSTATERD45RDS,1,NONE
BLOOMINGTON PD,B1622555,MONROE,RICHLAND,BLOOMINGTON,6/13/16,5:41 PM,1,0,1,0,0,,W 3RD,ST,,,,W 3RD,S LIBERTY,,,,Y,,,,39.16461021,-86.57913006,LOCAL/CITY ROAD,Y,N,N,URBAN,N,N,N,,DAYLIGHT,CLEAR,DRY,,FOUR-WAY INTERSECTION,STRAIGHT/LEVEL,ASPHALT,PEDESTRIAN ACTION,UNDER $1001,OTHER - EXPLAIN IN NARRATIVE,SLIBERTYDRW3RDST,1,TRAFFIC CONTROL SIGNAL
INDIANA UNIV BLOOMINGTON PD,162403,MONROE,BLOOMINGTON,BLOOMINGTON,10/4/16,2:30 PM,1,0,1,0,0,,FEE,LN,,,,FEE,LAW,,,,Y,,50,N,39.17418501,-86.51890791,LOCAL/CITY ROAD,,N,N,URBAN,N,N,N,,DAYLIGHT,CLEAR,DRY,,NO JUNCTION INVOLVED,STRAIGHT/LEVEL,ASPHALT,PEDESTRIAN ACTION,UNDER $1001,COLLISION WITH OBJECT IN ROAD,FEELNLAWLN,1,NONE
BLOOMINGTON PD,B1644227,MONROE,PERRY,BLOOMINGTON,11/2/16,7:10 PM,1,0,1,0,0,275,E WINSLOW,RD,,,,E WINSLOW,,,,,Y,,,,39.136144,-86.524496,OTHER,,N,N,URBAN,N,N,N,,DARK (LIGHTED),CLEAR,DRY,,NO JUNCTION INVOLVED,STRAIGHT/LEVEL,ASPHALT,FAILURE TO YIELD RIGHT OF WAY,UNDER $1001,LEFT TURN,EWINSLOWRD,1,NONE
INDIANA UNIV BLOOMINGTON PD,171154,MONROE,BLOOMINGTON,BLOOMINGTON,5/1/17,9:37 PM,1,0,1,0,0,,E 10TH,ST,,,,E 10TH,N CAMPBELL,,,,Y,,70,E,39.17159,-86.51394605,LOCAL/CITY ROAD,,N,N,URBAN,N,N,N,,DARK (LIGHTED),RAIN,WET,,NO JUNCTION INVOLVED,STRAIGHT/LEVEL,ASPHALT,PEDESTRIAN ACTION,$1001 TO $2500,COLLISION WITH OBJECT IN ROAD,E10THSTNCAMPBELLST,1,NONE
BLOOMINGTON PD,B1718880,MONROE,PERRY,BLOOMINGTON,5/16/17,12:00 AM,1,0,1,0,0,,BUICK CADILLAC,BLVD,,,,BUICK CADILLAC,COLLEGE MALL,,,,Y,,,,39.15816,-86.497792,LOCAL/CITY ROAD,,N,Y,URBAN,N,N,N,,DARK (NOT LIGHTED),CLEAR,DRY,,T-INTERSECTION,STRAIGHT/GRADE,ASPHALT,FAILURE TO YIELD RIGHT OF WAY,UNDER $1001,OTHER - EXPLAIN IN NARRATIVE,BUICKCADILLACBLVDCOLLEGEMALLRD,0,LANE CONTROL
ISP BLOOMINGTON 33,2.017E+11,MONROE,BLOOMINGTON,BLOOMINGTON,6/4/17,4:34 PM,1,0,1,1,0,,,,SR46,,,SR46,ARLINGTON,,,,Y,OTHER,220,W,39.18722954,-86.55218223,STATE ROAD,,N,N,URBAN,N,N,N,,DAYLIGHT,CLEAR,DRY,,NO JUNCTION INVOLVED,CURVE/LEVEL,ASPHALT,RAN OFF ROAD RIGHT,$10001 TO $25000,RAN OFF ROAD,ARLINGTONRDSR46,1,LANE CONTROL
BLOOMINGTON PD,B1734021,MONROE,BLOOMINGTON,BLOOMINGTON,8/23/17,10:15 AM,1,0,0,0,0,,INDIANA,AVE,,,,INDIANA,COTTAGE GROVE,,,,Y,,,,39.17264,-86.52704,LOCAL/CITY ROAD,,N,N,URBAN,N,N,N,,DAYLIGHT,CLEAR,DRY,,INTERCHANGE,STRAIGHT/LEVEL,ASPHALT,FAILURE TO YIELD RIGHT OF WAY,UNDER $1001,LEFT TURN,COTTAGEGROVEAVEINDIANAAVE,1,STOP SIGN
INDIANA UNIV BLOOMINGTON PD,172078,MONROE,BLOOMINGTON,BLOOMINGTON,9/13/17,10:32 PM,1,0,0,0,0,,N FEE,LN,,,,N FEE,E 10TH,,,,Y,,,,39.171584,-86.518688,LOCAL/CITY ROAD,Y,N,N,URBAN,Y,N,N,,DARK (LIGHTED),CLOUDY,WET,,T-INTERSECTION,STRAIGHT/LEVEL,ASPHALT,FAILURE TO YIELD RIGHT OF WAY,$1001 TO $2500,LEFT TURN,E10THSTNFEELN,1,TRAFFIC CONTROL SIGNAL
MONROE SD,M17A28188,MONROE,VAN BUREN,BLOOMINGTON,11/22/17,5:14 PM,1,0,0,0,0,,CONSTITUTION,AVE,,,,CONSTITUTION,S CURRY,,,,N,OTHER,,,39.15124,-86.58278,LOCAL/CITY ROAD,,N,N,URBAN,N,N,N,,DAYLIGHT,CLEAR,DRY,NONE,T-INTERSECTION,STRAIGHT/LEVEL,ASPHALT,PEDESTRIAN ACTION,UNDER $1001,OTHER - EXPLAIN IN NARRATIVE,CONSTITUTIONAVESCURRYPIKE,1,LANE CONTROL
INDIANA UNIV BLOOMINGTON PD,180297,MONROE,BLOOMINGTON,BLOOMINGTON,1/30/18,9:18 AM,1,0,0,0,0,,ATWATER,AVE,,,,ATWATER,HAWTHORNE,,,,Y,,,,39.16309,-86.52021,LOCAL/CITY ROAD,,N,N,URBAN,N,N,N,,DAYLIGHT,CLEAR,DRY,,T-INTERSECTION,STRAIGHT/LEVEL,ASPHALT,FAILURE TO YIELD RIGHT OF WAY,UNDER $1001,LEFT TURN,ATWATERAVEHAWTHORNEDR,1,STOP SIGN
BLOOMINGTON PD,B1804740,MONROE,BLOOMINGTON,BLOOMINGTON,2/5/18,12:02 PM,1,0,1,0,0,2621,E 3RD,ST,,,,E 3RD,,,,,Y,,,,39.16426547,-86.5008578,OTHER,,N,N,URBAN,N,N,N,,DAYLIGHT,CLOUDY,DRY,,NO JUNCTION INVOLVED,NON-ROADWAY CRASH,CONCRETE,OTHER (VEHICLE) - EXPLAIN IN NARRATIVE,$5001 TO $10000,OTHER - EXPLAIN IN NARRATIVE,E3RDST,1,NONE
BLOOMINGTON PD,B1816235,MONROE,BLOOMINGTON,BLOOMINGTON,4/28/18,11:11 PM,1,0,2,0,0,,COLLEGE,AVE,,,,COLLEGE,4TH,,,,Y,,,,39.165664,-86.5348,LOCAL/CITY ROAD,Y,N,N,URBAN,N,N,N,,DARK (NOT LIGHTED),CLEAR,DRY,,FOUR-WAY INTERSECTION,STRAIGHT/LEVEL,ASPHALT,FAILURE TO YIELD RIGHT OF WAY,UNDER $1001,COLLISION WITH OBJECT IN ROAD,4THSTCOLLEGEAVE,2,TRAFFIC CONTROL SIGNAL
BLOOMINGTON PD,B1817781,MONROE,BLOOMINGTON,BLOOMINGTON,5/2/18,5:43 PM,1,0,1,0,0,,W 6TH,ST,,,,W 6TH,N COLLEGE,,,,Y,,,,39.167648,-86.534784,LOCAL/CITY ROAD,Y,N,N,URBAN,N,N,N,,DAYLIGHT,CLEAR,DRY,,FOUR-WAY INTERSECTION,STRAIGHT/LEVEL,ASPHALT,FAILURE TO YIELD RIGHT OF WAY,UNDER $1001,LEFT TURN,NCOLLEGEAVEW6THST,1,TRAFFIC CONTROL SIGNAL
MONROE SD,M18A19202,MONROE,PERRY,BLOOMINGTON,6/30/18,11:57 AM,1,0,1,0,0,315,W GORDON,PIKE,,,,W GORDON,,,,,N,,,,39.12154418,-86.53386009,OTHER,,N,N,URBAN,N,N,N,,DAYLIGHT,CLEAR,DRY,,NO JUNCTION INVOLVED,STRAIGHT/GRADE,ASPHALT,PEDESTRIAN ACTION,UNDER $1001,OTHER - EXPLAIN IN NARRATIVE,WGORDONPIKE,1,NONE
INDIANA UNIV BLOOMINGTON PD,181785,MONROE,BLOOMINGTON,BLOOMINGTON,8/23/18,10:52 AM,1,0,1,0,0,,ATWATER,AVE,,,,E ATWATER,HAWTHORNE,,,,Y,,,,39.16309,-86.52021,LOCAL/CITY ROAD,,N,N,URBAN,N,N,N,,DAYLIGHT,CLEAR,DRY,,FOUR-WAY INTERSECTION,STRAIGHT/LEVEL,ASPHALT,FAILURE TO YIELD RIGHT OF WAY,UNDER $1001,LEFT TURN,EATWATERAVESHAWTHORNEDR,1,STOP SIGN
BLOOMINGTON PD,B1844592,MONROE,BLOOMINGTON,BLOOMINGTON,10/10/18,1:30 PM,1,0,1,0,0,,1ST,ST,,,,W 1ST,BLINE TRAIL,,,,Y,,,,0,0,LOCAL/CITY ROAD,,N,N,URBAN,N,N,N,,DAYLIGHT,CLEAR,DRY,,FOUR-WAY INTERSECTION,STRAIGHT/GRADE,ASPHALT,FAILURE TO YIELD RIGHT OF WAY,UNDER $1001,RIGHT ANGLE,BLINETRAILTRLW1STST,1,NONE
INDIANA UNIV BLOOMINGTON PD,182680,MONROE,BLOOMINGTON,BLOOMINGTON,11/3/18,8:00 PM,1,0,1,0,0,,,,SR45,,,SR45,,SR46,,,Y,,,,39.18686,-86.546655,STATE ROAD,Y,N,N,URBAN,N,Y,N,,DARK (NOT LIGHTED),CLEAR,DRY,,FOUR-WAY INTERSECTION,STRAIGHT/LEVEL,ASPHALT,CELL PHONE USAGE,UNDER $1001,COLLISION WITH OBJECT IN ROAD,SR45SR46,1,TRAFFIC CONTROL SIGNAL
BLOOMINGTON PD,B1851079,MONROE,BLOOMINGTON,BLOOMINGTON,12/15/18,7:40 PM,1,0,1,0,0,,COLLEGE MALL,RD,,,,COLLEGE MALL,ENTRANCE TO EASTLAND PLAZA,,,,Y,,,,0,0,LOCAL/CITY ROAD,Y,N,N,URBAN,N,N,N,,DARK (LIGHTED),RAIN,WET,,FOUR-WAY INTERSECTION,STRAIGHT/GRADE,ASPHALT,FAILURE TO YIELD RIGHT OF WAY,UNDER $1001,COLLISION WITH OBJECT IN ROAD,COLLEGEMALLRDENTRANCETOEASTLANDPLAZARD,1,TRAFFIC CONTROL SIGNAL
MONROE SD,M19A778,MONROE,RICHLAND,BLOOMINGTON,1/7/19,11:11 PM,2,0,1,0,0,4111,VERNAL,PIKE,,,,WEST VERNAL,,,,,N,,,,39.17753,-86.58026,OTHER,,N,N,URBAN,N,N,N,,DARK (LIGHTED),CLEAR,DRY,,NO JUNCTION INVOLVED,STRAIGHT/LEVEL,ASPHALT,UNSAFE BACKING,UNDER $1001,SAME DIRECTION SIDESWIPE,WESTVERNALPIKE,1,NONE
BLOOMINGTON PD,B1901319,MONROE,BLOOMINGTON,BLOOMINGTON,1/9/19,11:15 PM,1,0,1,0,0,501,MULLER,PKWY,,,,W MULLER,,,,,Y,,,,39.16182463,-86.56729524,LOCAL/CITY ROAD,,,Y,URBAN,N,N,N,,DARK (NOT LIGHTED),CLEAR,DRY,,NO JUNCTION INVOLVED,CURVE/GRADE,ASPHALT,UNSAFE LANE MOVEMENT,UNDER $1001,OTHER - EXPLAIN IN NARRATIVE,WMULLERPKWY,1,NONE
BLOOMINGTON PD,B1935103,MONROE,VAN BUREN,BLOOMINGTON,8/22/19,10:17 PM,1,0,1,0,0,,PATTERSON,DR,,,,PATTERSON,2ND,,,,Y,,125,S,39.14754324,-86.54849,LOCAL/CITY ROAD,,N,N,URBAN,N,N,N,,DARK (LIGHTED),CLOUDY,WET,,NO JUNCTION INVOLVED,STRAIGHT/LEVEL,ASPHALT,PEDESTRIAN ACTION,$5001 TO $10000,COLLISION WITH OBJECT IN ROAD,2NDSTPATTERSONDR,1,LANE CONTROL
BLOOMINGTON PD,B1949489,MONROE,BLOOMINGTON,BLOOMINGTON,11/25/19,2:05 PM,1,0,1,0,0,,COLLEGE MALL,RD,,,,S COLLEGE MALL,BUICK CADILLAC,,,,Y,,,,39.15811,-86.49789,LOCAL/CITY ROAD,Y,N,N,URBAN,N,N,N,,DAYLIGHT,CLEAR,DRY,,FOUR-WAY INTERSECTION,STRAIGHT/LEVEL,CONCRETE,FAILURE TO YIELD RIGHT OF WAY,UNDER $1001,LEFT TURN,EBUICKCADILLACBLVDSCOLLEGEMALLRD,1,TRAFFIC CONTROL SIGNAL
INDIANA UNIV BLOOMINGTON PD,192994,MONROE,BLOOMINGTON,BLOOMINGTON,12/16/19,10:05 PM,1,0,0,0,0,,JORDAN,AVE,,,,JORDAN,TENTH,,,,Y,,,,,,LOCAL/CITY ROAD,Y,N,N,URBAN,N,N,N,,DARK (NOT LIGHTED),SLEET/HAIL/FREEZING RAIN,WET,,FOUR-WAY INTERSECTION,STRAIGHT/LEVEL,ASPHALT,PEDESTRIAN ACTION,$1001 TO $2500,LEFT TURN,JORDANAVETENTHST,1,TRAFFIC CONTROL SIGNAL
INDIANA UNIV BLOOMINGTON PD,200680,MONROE,BLOOMINGTON,BLOOMINGTON,3/6/20,6:43 AM,1,0,1,0,0,,E 7TH,ST,,,,E 7TH,N FORREST,,,,Y,,532,E,39.16847,-86.52113602,LOCAL/CITY ROAD,,N,N,URBAN,N,N,N,,DARK (NOT LIGHTED),SNOW,DRY,,T-INTERSECTION,STRAIGHT/LEVEL,ASPHALT,OTHER (ENVIRONMENTAL) - EXPLAIN IN NARR,UNDER $1001,OTHER - EXPLAIN IN NARRATIVE,E7THSTNFORRESTAVE,1,NONE
BLOOMINGTON PD,B20-20347,MONROE,PERRY,BLOOMINGTON,6/3/20,1:01 AM,1,0,1,0,0,,S WALNUT,ST,,,,S WALNUT,E BURKS,,,,Y,,150,S,39.1108237,-86.53137,LOCAL/CITY ROAD,,N,Y,URBAN,N,N,N,,DARK (NOT LIGHTED),CLEAR,DRY,,T-INTERSECTION,STRAIGHT/LEVEL,ASPHALT,PEDESTRIAN ACTION,$2501 TO $5000,COLLISION WITH OBJECT IN ROAD,EBURKSDRSWALNUTST,1,STOP SIGN
INDIANA UNIV BLOOMINGTON PD,201786,MONROE,BLOOMINGTON,BLOOMINGTON,9/29/20,9:30 AM,2,0,1,1,0,,INDIANA,AVE,,,,INDIANA,THIRD,,,,Y,,,,,,LOCAL/CITY ROAD,Y,N,N,URBAN,N,N,N,,DAYLIGHT,CLEAR,DRY,,T-INTERSECTION,STRAIGHT/LEVEL,ASPHALT,DISREGARD SIGNAL/REG SIGN,$10001 TO $25000,RIGHT ANGLE,INDIANAAVETHIRDST,1,TRAFFIC CONTROL SIGNAL
BLOOMINGTON PD,B20-36072,MONROE,BLOOMINGTON,BLOOMINGTON,10/5/20,6:30 PM,1,0,1,0,0,,E 7TH,ST,,,,E 7TH,N WALNUT,,,,Y,,,,39.16864,-86.533568,LOCAL/CITY ROAD,Y,N,N,URBAN,N,N,N,,DAYLIGHT,CLEAR,DRY,,FOUR-WAY INTERSECTION,STRAIGHT/GRADE,ASPHALT,PEDESTRIAN ACTION,UNDER $1001,OTHER - EXPLAIN IN NARRATIVE,E7THSTNWALNUTST,1,TRAFFIC CONTROL SIGNAL
INDIANA UNIV BLOOMINGTON PD,202458,MONROE,PERRY,BLOOMINGTON,12/10/20,11:33 AM,1,0,1,0,0,,WOODLAWN,AVE,,,,WOODLAWN,ATWATER,,,,Y,,,,,,LOCAL/CITY ROAD,Y,N,N,URBAN,N,N,N,,DAYLIGHT,CLEAR,DRY,,FOUR-WAY INTERSECTION,STRAIGHT/LEVEL,ASPHALT,FAILURE TO YIELD RIGHT OF WAY,$1001 TO $2500,LEFT TURN,ATWATERAVEWOODLAWNAVE,1,TRAFFIC CONTROL SIGNAL
BLOOMINGTON PD,B21-17001,MONROE,PERRY,BLOOMINGTON,5/24/21,3:20 PM,1,0,1,0,0,505,E NORTH,DR,,,,E NORTH,,,,,Y,,,,39.14483232,-86.52738101,LOCAL/CITY ROAD,,N,N,URBAN,Y,N,N,,DAYLIGHT,CLEAR,DRY,,T-INTERSECTION,STRAIGHT/LEVEL,ASPHALT,UNSAFE BACKING,$1001 TO $2500,BACKING CRASH,ENORTHDR,1,NONE
MONROE SD,M22A7471,MONROE,VAN BUREN,BLOOMINGTON,4/2/22,8:40 AM,3,,0,0,0,,N OARD RD,,,,,N OARD RD,,,48,,N,,0,,39.16500289,-86.62020154,LOCAL/CITY ROAD,,,,RURAL,N,N,N,,DAYLIGHT,CLEAR,DRY,,NO JUNCTION INVOLVED,,ASPHALT,UNSAFE BACKING,$50001 TO $100000,BACKING CRASH,NOARDRD48,0,
BLOOMINGTON PD,B22-46158,MONROE,PERRY,BLOOMINGTON,11/4/22,11:06 AM,1,,4,0,0,,885 S. COLLEGE MALL ROAD,,,,,885 S. COLLEGE MALL ROAD,,,,,Y,,0,,0,0,PRIVATE DRIVE,,,,URBAN,N,N,N,,DAYLIGHT,CLEAR,DRY,,NO JUNCTION INVOLVED,,ASPHALT,OTHER (DRIVER) - EXPLAIN IN NARRATIVE,$25001 TO $50000,RAN OFF ROAD,885S.COLLEGEMALLROAD,4,
INDIANA UNIV BLOOMINGTON PD,223806,MONROE,BLOOMINGTON,BLOOMINGTON,10/7/22,10:10 PM,1,,1,0,0,,S BALLANTINE RD,,,,,S BALLANTINE RD,E ATWATER AVE,,,,Y,,317,,39.16363346,-86.51909164,LOCAL/CITY ROAD,,,,URBAN,N,N,N,,DARK (NOT LIGHTED),CLEAR,DRY,,NO JUNCTION INVOLVED,,ASPHALT,DRIVER DISTRACTED - EXPLAIN IN NARRATIVE,UNDER $1001,OTHER - EXPLAIN IN NARRATIVE,SBALLANTINERDEATWATERAVE,1,