Agency,Local Code,County,Township,City,Collision Date,Collision Time,Vehicles Involved,Trailers Involved,Number Injured,Number Dead,Number Deer,House Number,Roadway Name,Roadway Suffix,Roadway Number,Roadway Interchange,Roadway Ramp,Roadway Id,Intersecting Road,Intersecting Road Number,Mile Marker,Interchange,Corporate Limits?,Property Type,Feet From,Direction,Latitude,Longitude,Roadway Class,Traffic Control Devices?,Aggressive Driving?,Hit and Run?,Locality,School Zone?,Rumble Strips?,Construction?,Construction Type,Light Condition,Weather Conditions,Surface Condition,Type of Median,Roadway Junction Type,Road Character,Roadway Surface,Primary Factor,Damage Estimate,Manner of Collision,Unique Location Id,State Property Damage?,Traffic Control
BLOOMINGTON PD,B2111248,MONROE,PERRY,BLOOMINGTON,4/9/21,1:45 PM,1,0,1,0,0,,WEST COUNTRYSIDE,LN,,,,WEST COUNTRYSIDE,SOUTH ROCKPORT,,,,Y,,,,39.136448,-86.548704,LOCAL/CITY ROAD,,N,N,URBAN,N,N,N,,DAYLIGHT,CLEAR,DRY,,FOUR-WAY INTERSECTION,STRAIGHT/GRADE,CONCRETE,PEDESTRIAN ACTION,UNDER $1001,RIGHT ANGLE,SOUTHROCKPORTRDWESTCOUNTRYSIDELN,1,STOP SIGN
BLOOMINGTON PD,B2115965,MONROE,BLOOMINGTON,BLOOMINGTON,5/14/21,10:46 PM,1,0,1,0,0,1620,W 3RD,ST,,,,W 3RD,,,,,Y,,,,39.16454492,-86.55365233,OTHER,,N,N,URBAN,N,N,N,,DARK (NOT LIGHTED),CLEAR,DRY,,NO JUNCTION INVOLVED,STRAIGHT/LEVEL,ASPHALT,PEDESTRIAN ACTION,UNDER $1001,OTHER - EXPLAIN IN NARRATIVE,W3RDST,1,NONE
BLOOMINGTON PD,B2121000,MONROE,BLOOMINGTON,BLOOMINGTON,6/22/21,3:55 PM,1,0,1,0,0,,WEST 7TH,ST,,,,WEST 7TH,NORTH MADISON,,,,Y,,50,E,39.168688,-86.537296,LOCAL/CITY ROAD,,N,N,URBAN,N,N,N,,DAYLIGHT,CLEAR,DRY,,TRAIL CROSSINGS,STRAIGHT/LEVEL,CONCRETE,FAILURE TO YIELD RIGHT OF WAY,UNDER $1001,RIGHT ANGLE,NORTHMADISONSTWEST7THST,1,YIELD SIGN
BLOOMINGTON PD,B2118985,MONROE,BLOOMINGTON,BLOOMINGTON,6/8/21,4:03 PM,1,0,1,0,0,,E 3RD,ST,,,,E 3RD,S CLARIZZ,,,,Y,,,,39.16424,-86.4908,LOCAL/CITY ROAD,Y,N,N,URBAN,N,N,N,,DAYLIGHT,RAIN,WET,,FOUR-WAY INTERSECTION,STRAIGHT/LEVEL,ASPHALT,FAILURE TO YIELD RIGHT OF WAY,$2501 TO $5000,LEFT TURN,E3RDSTSCLARIZZBLVD,1,TRAFFIC CONTROL SIGNAL
BLOOMINGTON PD,B2131712,MONROE,BLOOMINGTON,BLOOMINGTON,9/7/21,8:40 PM,1,0,1,0,0,,17TH,ST,,,,17TH,WALNUT,,,,Y,,,,39.178944,-86.533392,LOCAL/CITY ROAD,Y,N,N,URBAN,N,N,N,,DARK (LIGHTED),CLEAR,DRY,,FOUR-WAY INTERSECTION,STRAIGHT/GRADE,ASPHALT,FAILURE TO YIELD RIGHT OF WAY,$1001 TO $2500,LEFT TURN,17THSTWALNUTST,1,TRAFFIC CONTROL SIGNAL
BLOOMINGTON PD,B22-01161,MONROE,BLOOMINGTON,BLOOMINGTON,1/11/22,4:40 PM,1,,1,0,0,,S WILLIAMSBURG DR,,,,,S WILLIAMSBURG DR,E 3RD ST,,,,Y,,0,,39.16438732,-86.49653381,LOCAL/CITY ROAD,,,,URBAN,N,N,N,,DAYLIGHT,CLEAR,DRY,,NO JUNCTION INVOLVED,,ASPHALT,FAILURE TO YIELD RIGHT OF WAY,UNDER $1001,OTHER - EXPLAIN IN NARRATIVE,SWILLIAMSBURGDRE3RDST,1,
BLOOMINGTON PD,B22-29457,MONROE,BLOOMINGTON,BLOOMINGTON,8/1/22,6:02 AM,1,,1,0,0,,STATE RD 46,,,,,STATE RD 46,W CASCADE AVE,,,,Y,,1056,,39.18678684,-86.54224546,STATE ROAD,,,,URBAN,N,N,N,,DARK (NOT LIGHTED),CLOUDY,DRY,,NO JUNCTION INVOLVED,,ASPHALT,PEDESTRIAN ACTION,UNDER $1001,OPPOSITE DIRECTION SIDESWIPE,WCASCADEAVESTATERD46,1,
BLOOMINGTON PD,B22-35542,MONROE,PERRY,BLOOMINGTON,9/5/22,4:00 PM,1,,0,0,0,,E SMITH AVE,,,,,E SMITH AVE,S WALNUT ST,,,,Y,,0,,39.16286503,-86.53351254,LOCAL/CITY ROAD,,,,URBAN,N,N,N,,DAYLIGHT,CLOUDY,DRY,,FOUR-WAY INTERSECTION,,ASPHALT,OTHER (DRIVER) - EXPLAIN IN NARRATIVE,$1001 TO $2500,RIGHT ANGLE,SWALNUTSTESMITHAVE,1,
BLOOMINGTON PD,B22-30984,MONROE,PERRY,BLOOMINGTON,8/10/22,5:45 PM,1,,1,0,0,,S WALNUT STREET,,,,,S WALNUT STREET,PRIVATE DRIVE TO CVS SOUTH,,,,Y,,739,,39.13475686,-86.53152906,PRIVATE DRIVE,,,,URBAN,N,N,N,,DAYLIGHT,CLEAR,DRY,,T-INTERSECTION,,ASPHALT,FAILURE TO YIELD RIGHT OF WAY,$1001 TO $2500,RIGHT ANGLE,SWALNUTSTREETPRIVATEDRIVETOCVSSOUTH,1,
MONROE SD,M22A24572,MONROE,VAN BUREN,BLOOMINGTON,10/6/22,8:36 PM,1,,1,0,0,,W STATE RD 45,,,,,W STATE RD 45,INDUSTRIAL BLVD,,,,Y,,0,,39.14248843,-86.57951347,,,,,URBAN,N,N,N,,DARK (LIGHTED),CLEAR,DRY,,NO JUNCTION INVOLVED,,CONCRETE,UNSAFE BACKING,UNDER $1001,BACKING CRASH,WSTATERD45INDUSTRIALBLVD,1,
BLOOMINGTON PD,B22-34440,MONROE,PERRY,BLOOMINGTON,8/30/22,12:10 PM,1,,1,0,0,,BLOOMFIELD RD,,,,,BLOOMFIELD RD,S ADAMS ST,,,,Y,,0,,39.16037909,-86.5508253,LOCAL/CITY ROAD,,,,URBAN,N,N,N,,DAYLIGHT,CLEAR,DRY,,FOUR-WAY INTERSECTION,,ASPHALT,FAILURE TO YIELD RIGHT OF WAY,UNDER $1001,COLLISION WITH OBJECT IN ROAD,SADAMSSTBLOOMFIELDRD,1,
BLOOMINGTON PD,B22-30089,MONROE,BLOOMINGTON,BLOOMINGTON,8/4/22,7:50 PM,1,,1,0,0,,S WESTPLEX AVE,,,,,S WESTPLEX AVE,,,,,Y,,0,,39.16533052,-86.55397306,PRIVATE DRIVE,,,,URBAN,N,N,N,,DAYLIGHT,CLOUDY,DRY,,NO JUNCTION INVOLVED,,ASPHALT,PEDESTRIAN ACTION,UNDER $1001,COLLISION WITH OBJECT IN ROAD,SWESTPLEXAVE,1,
BLOOMINGTON PD,B22-36329,MONROE,BLOOMINGTON,BLOOMINGTON,9/9/22,8:00 PM,1,,1,0,0,,W KIRKWOOD AVE,,,,,W KIRKWOOD AVE,S ROGERS ST,,,,Y,,0,,39.16661069,-86.53870069,LOCAL/CITY ROAD,,,,URBAN,N,N,N,,DAWN/DUSK,CLEAR,DRY,,FOUR-WAY INTERSECTION,,ASPHALT,FAILURE TO YIELD RIGHT OF WAY,$1001 TO $2500,OTHER - EXPLAIN IN NARRATIVE,WKIRKWOODAVESROGERSST,1,
BLOOMINGTON PD,B22-36259,MONROE,BLOOMINGTON,BLOOMINGTON,9/9/22,2:10 AM,1,,1,0,0,1635,W 3RD ST,,,,,W 3RD ST,,,,,N,,0,,39.16440437,-86.55452469,PRIVATE DRIVE,,,,URBAN,N,N,N,,DAYLIGHT,CLEAR,DRY,,NO JUNCTION INVOLVED,,CONCRETE,FAILURE TO YIELD RIGHT OF WAY,UNDER $1001,RIGHT TURN,W3RDST,1,
BLOOMINGTON PD,B23-19780,MONROE,PERRY,BLOOMINGTON,4/18/23,2:45 PM,1,,1,0,0,,S COLLEGE MALL RD,,,,,S COLLEGE MALL RD,E BUICK CADILLAC BLVD,,,,Y,,0,,39.15809983,-86.49789503,LOCAL/CITY ROAD,,,,URBAN,N,N,N,,DAYLIGHT,CLEAR,DRY,,FOUR-WAY INTERSECTION,,ASPHALT,FAILURE TO YIELD RIGHT OF WAY,UNDER $1001,LEFT TURN,SCOLLEGEMALLRDEBUICKCADILLACBLVD,1,
BLOOMINGTON PD,B23-03176,MONROE,VAN BUREN,BLOOMINGTON,1/19/23,7:45 AM,1,,1,0,0,,W BLOOMFIELD RD,,,,,W BLOOMFIELD RD,S ROLLING RIDGE WAY,,,,Y,,0,,39.15493691,-86.56325287,LOCAL/CITY ROAD,,,,URBAN,N,N,N,,DARK (LIGHTED),RAIN,WET,,FOUR-WAY INTERSECTION,,CONCRETE,OTHER (ENVIRONMENTAL) - EXPLAIN IN NARR,$1001 TO $2500,LEFT TURN,WBLOOMFIELDRDSROLLINGRIDGEWAY,1,
BLOOMINGTON PD,B22-49815,MONROE,,BLOOMINGTON,12/1/22,6:55 AM,1,,1,0,0,,2440 S. HENDERSON STREET,,,,,2440 S. HENDERSON STREET,,,,,Y,,0,,0,0,LOCAL/CITY ROAD,,,,URBAN,N,N,N,,DARK (NOT LIGHTED),CLEAR,DRY,,NO JUNCTION INVOLVED,,ASPHALT,PEDESTRIAN ACTION,$5001 TO $10000,COLLISION WITH OBJECT IN ROAD,2440S.HENDERSONSTREET,1,
INDIANA UNIV BLOOMINGTON PD,230291,MONROE,BLOOMINGTON,BLOOMINGTON,1/24/23,7:24 AM,1,,1,0,0,,E 17TH ST,,,,,E 17TH ST,N JORDAN AVE,,,,Y,,0,,39.17882982,-86.51110402,LOCAL/CITY ROAD,,,,URBAN,N,N,N,,DARK (NOT LIGHTED),CLEAR,DRY,,T-INTERSECTION,,ASPHALT,FAILURE TO YIELD RIGHT OF WAY,UNDER $1001,COLLISION WITH OBJECT IN ROAD,NJORDANAVEE17THST,1,
INDIANA UNIV BLOOMINGTON PD,231206,MONROE,BLOOMINGTON,BLOOMINGTON,3/26/23,5:30 PM,1,,1,0,0,,N DUNN ST,,,,,N DUNN ST,E VARSITY LN,,,,Y,,0,,39.18299847,-86.52833856,LOCAL/CITY ROAD,,,,URBAN,N,N,N,,DAYLIGHT,CLEAR,DRY,,T-INTERSECTION,,ASPHALT,FAILURE TO YIELD RIGHT OF WAY,$2501 TO $5000,RIGHT TURN,NDUNNSTEVARSITYLN,1,
MONROE SD,M16A23953,MONROE,RICHLAND,ELLETTSVILLE,10/22/16,7:44 AM,1,0,1,0,0,,,,SR46W,,,SR46W,SMITH,,,,Y,OTHER,,,39.210144,-86.5832,STATE ROAD,Y,N,N,RURAL,N,N,N,,DAWN/DUSK,CLEAR,DRY,NONE,FOUR-WAY INTERSECTION,STRAIGHT/LEVEL,ASPHALT,UNSAFE LANE MOVEMENT,$10001 TO $25000,LEFT/RIGHT TURN,SMITHPIKESR46W,1,TRAFFIC CONTROL SIGNAL
ELLETTSVILLE PD,E2105276,MONROE,RICHLAND,ELLETTSVILLE,2/22/21,8:42 AM,1,0,0,0,0,,,,SR46W,,,SR46W,BRIARGATE,,,,Y,,100,W,,,STATE ROAD,,N,N,URBAN,N,N,N,,DAYLIGHT,CLEAR,DRY,,NO JUNCTION INVOLVED,STRAIGHT/LEVEL,ASPHALT,PEDESTRIAN ACTION,UNDER $1001,OTHER - EXPLAIN IN NARRATIVE,BRIARGATEDRSR46W,1,LANE CONTROL
INDIANA UNIV BLOOMINGTON PD,130260,MONROE,BLOOMINGTON,BLOOMINGTON,1/25/13,12:45 PM,1,0,1,0,0,,10TH,ST,,,,10TH ST,JORDAN,,,,Y,OTHER,300,W,39.17158999,-86.51563433,LOCAL/CITY ROAD,,N,N,URBAN,N,N,Y,LANE CLOSURE,DAYLIGHT,CLOUDY,WET,CURBED,NO JUNCTION INVOLVED,STRAIGHT/GRADE,ASPHALT,FAILURE TO YIELD RIGHT OF WAY,UNDER $1001,RIGHT ANGLE,10THSTJORDANAVE,1,YIELD SIGN
BLOOMINGTON PD,71813250,MONROE,VAN BUREN,BLOOMINGTON,7/18/13,7:00 PM,1,0,2,0,0,,W TAPP,RD,,,,W TAPP RD,S LEONARD,,,,N,OTHER,,,39.13704,-86.582512,LOCAL/CITY ROAD,,N,N,URBAN,N,N,N,,DAYLIGHT,CLEAR,DRY,NONE,T-INTERSECTION,STRAIGHT/GRADE,ASPHALT,PEDESTRIAN ACTION,UNDER $1001,OTHER - EXPLAIN IN NARRATIVE,SLEONARDSPGWTAPPRD,2,STOP SIGN
MONROE SD,M13A2293,MONROE,VAN BUREN,BLOOMINGTON,7/31/13,7:45 PM,1,0,1,0,0,3313,,,SR45,,,W SR 45 RD,,,,,N,PRIVATE,,,39.125312,-86.610496,OTHER,,Y,Y,URBAN,N,N,N,,DAYLIGHT,CLEAR,DRY,CURBED,NO JUNCTION INVOLVED,STRAIGHT/LEVEL,ASPHALT,PEDESTRIAN ACTION,UNDER $1001,HEAD ON BETWEEN TWO MOTOR VEHICLES,WSR45RD,1,NONE
BLOOMINGTON PD,80813103,MONROE,BLOOMINGTON,BLOOMINGTON,8/8/13,10:50 AM,1,0,1,0,0,,ARLINGTON VALLEY,DR,,,,ARLINGTON VALLEY DR,NORTH WILLIS,,,,Y,OTHER,,,39.1828,-86.544032,LOCAL/CITY ROAD,,Y,Y,URBAN,N,N,N,,DAYLIGHT,CLEAR,DRY,NONE,FOUR-WAY INTERSECTION,STRAIGHT/LEVEL,ASPHALT,OTHER (DRIVER) - EXPLAIN IN NARRATIVE,UNDER $1001,HEAD ON BETWEEN TWO MOTOR VEHICLES,ARLINGTONVALLEYDRNORTHWILLISRD,1,STOP SIGN
BLOOMINGTON PD,92813003,MONROE,BLOOMINGTON,BLOOMINGTON,9/28/13,12:11 AM,1,0,2,0,0,,COLLEGE,AVE,,,,N COLLEGE AVE,7TH,,,,Y,OTHER,,,39.168656,-86.534784,LOCAL/CITY ROAD,Y,Y,Y,URBAN,N,N,N,,DARK (LIGHTED),CLEAR,DRY,NONE,FOUR-WAY INTERSECTION,STRAIGHT/GRADE,ASPHALT,DISREGARD SIGNAL/REG SIGN,$2501 TO $5000,OTHER - EXPLAIN IN NARRATIVE,E7THSTNCOLLEGEAVE,2,TRAFFIC CONTROL SIGNAL
BLOOMINGTON PD,120413229,MONROE,BLOOMINGTON,BLOOMINGTON,12/4/13,6:45 PM,3,0,2,0,0,,STATE ROAD 45 46,BYP,,,,STATE ROAD 45 46 BYP,KINSER,,,,Y,OTHER,,,39.186544,-86.537888,LOCAL/CITY ROAD,Y,N,N,URBAN,N,N,N,,DARK (LIGHTED),CLEAR,WET,CURBED,FOUR-WAY INTERSECTION,STRAIGHT/LEVEL,ASPHALT,FOLLOWING TOO CLOSELY,$1001 TO $2500,REAR END,KINSERPIKESTATEROAD4546BYP,2,TRAFFIC CONTROL SIGNAL
BLOOMINGTON PD,12314231,MONROE,BLOOMINGTON,BLOOMINGTON,1/23/14,6:58 PM,1,0,1,0,0,,COLLEGE,AVE,,,,COLLEGE AVE,11TH,,,,Y,OTHER,,,39.173232,-86.534752,LOCAL/CITY ROAD,Y,N,N,URBAN,N,N,N,,DARK (LIGHTED),CLOUDY,DRY,NONE,FOUR-WAY INTERSECTION,STRAIGHT/LEVEL,ASPHALT,FAILURE TO YIELD RIGHT OF WAY,UNDER $1001,LEFT/RIGHT TURN,11THSTCOLLEGEAVE,1,TRAFFIC CONTROL SIGNAL
BLOOMINGTON PD,30714205,MONROE,BLOOMINGTON,BLOOMINGTON,3/7/14,3:14 PM,1,0,1,0,0,,DUNN,ST,,,,DUNN ST,OLD SR 37,,,,Y,OTHER,400,S,39.20695053,-86.52863944,LOCAL/CITY ROAD,,N,N,URBAN,N,N,N,,DAYLIGHT,CLEAR,DRY,NONE,NO JUNCTION INVOLVED,STRAIGHT/LEVEL,ASPHALT,UNSAFE LANE MOVEMENT,$1001 TO $2500,RIGHT ANGLE,DUNNSTOLDSR37HWY,1,NONE
BLOOMINGTON PD,42414156,MONROE,BLOOMINGTON,BLOOMINGTON,4/24/14,1:25 PM,1,0,1,0,0,,COTTAGE GROVE,AVE,,,,COTTAGE GROVE AVE,SUMMIT,,,,Y,OTHER,,,39.172336,-86.548192,LOCAL/CITY ROAD,,N,Y,URBAN,N,N,N,,DAYLIGHT,CLEAR,DRY,NONE,FOUR-WAY INTERSECTION,STRAIGHT/LEVEL,ASPHALT,OTHER (DRIVER) - EXPLAIN IN NARRATIVE,UNDER $1001,NON-COLLISION,COTTAGEGROVEAVESUMMITST,1,NONE
BLOOMINGTON PD,51414066,MONROE,PERRY,BLOOMINGTON,5/14/14,7:52 AM,1,0,1,0,0,,E MILLER,DR,,,,E MILLER DR,S WALNUT,,,,Y,OTHER,,,39.146944,-86.532544,LOCAL/CITY ROAD,N,N,N,URBAN,N,N,N,,DAYLIGHT,CLOUDY,WET,NONE,T-INTERSECTION,STRAIGHT/GRADE,ASPHALT,FAILURE TO YIELD RIGHT OF WAY,UNDER $1001,RIGHT ANGLE,EMILLERDRSWALNUTST,1,TRAFFIC CONTROL SIGNAL
BLOOMINGTON PD,51514105,MONROE,BLOOMINGTON,BLOOMINGTON,5/15/14,12:11 PM,1,0,1,0,0,,2ND,ST,,,,2ND ST,MORTON,,,,Y,OTHER,50,E,39.16139022,-86.53631426,LOCAL/CITY ROAD,,N,N,URBAN,N,N,N,,DAYLIGHT,RAIN,WET,DRIVABLE,NO JUNCTION INVOLVED,STRAIGHT/LEVEL,ASPHALT,PEDESTRIAN ACTION,UNDER $1001,OTHER - EXPLAIN IN NARRATIVE,2NDSTMORTONST,1,LANE CONTROL
BLOOMINGTON PD,72414103,MONROE,BLOOMINGTON,BLOOMINGTON,7/24/14,11:03 AM,1,0,1,0,0,,COLLEGE,AVE,,,,COLLEGE AVE,1ST,,,,Y,OTHER,,,39.17688,-86.534736,LOCAL/CITY ROAD,Y,N,N,URBAN,N,N,N,,DAYLIGHT,CLEAR,DRY,NONE,FOUR-WAY INTERSECTION,STRAIGHT/LEVEL,ASPHALT,PEDESTRIAN ACTION,$2501 TO $5000,HEAD ON BETWEEN TWO MOTOR VEHICLES,1STSTCOLLEGEAVE,1,TRAFFIC CONTROL SIGNAL
BLOOMINGTON PD,81414069,MONROE,PERRY,BLOOMINGTON,8/14/14,8:40 AM,1,0,1,0,0,,WALNUT,ST,,,,WALNUT ST,COUNTRY CLUB,,,,Y,OTHER,,,39.13597025,-86.5311098,LOCAL/CITY ROAD,Y,N,N,URBAN,N,N,N,,DAYLIGHT,CLEAR,DRY,NONE,FOUR-WAY INTERSECTION,STRAIGHT/GRADE,ASPHALT,PEDESTRIAN ACTION,UNDER $1001,LEFT TURN,COUNTRYCLUBDRWALNUTST,1,TRAFFIC CONTROL SIGNAL
BLOOMINGTON PD,90114157,MONROE,BLOOMINGTON,BLOOMINGTON,9/1/14,3:56 PM,1,0,0,0,0,,E 3RD,ST,,,,E 3RD ST,HIGHLAND,,,,Y,OTHER,,,39.16427024,-86.51772022,LOCAL/CITY ROAD,,N,N,URBAN,N,N,N,,DAYLIGHT,CLEAR,DRY,NONE,NO JUNCTION INVOLVED,STRAIGHT/LEVEL,ASPHALT,PEDESTRIAN ACTION,UNDER $1001,RIGHT ANGLE,E3RDSTHIGHLANDAVE,1,NONE
BLOOMINGTON PD,9212014125,MONROE,BLOOMINGTON,BLOOMINGTON,9/21/14,9:25 AM,1,0,1,0,0,2300,WALNUT,ST,,,,WALNUT ST,,,,,N,PRIVATE,,,39.165648,-86.5336,OTHER,,N,N,URBAN,N,N,N,,DAYLIGHT,CLEAR,DRY,NONE,NO JUNCTION INVOLVED,STRAIGHT/LEVEL,ASPHALT,PEDESTRIAN ACTION,UNDER $1001,RIGHT ANGLE,WALNUTST,1,LANE CONTROL
BLOOMINGTON PD,B1412609,MONROE,BLOOMINGTON,BLOOMINGTON,10/29/14,10:41 AM,1,0,1,0,0,,KIRKWOOD,,,,,KIRKWOOD,COLLEGE,,,,Y,,,,39.16664,-86.5348,LOCAL/CITY ROAD,Y,N,N,URBAN,N,N,N,,DAYLIGHT,CLEAR,DRY,,FOUR-WAY INTERSECTION,STRAIGHT/LEVEL,ASPHALT,FAILURE TO YIELD RIGHT OF WAY,UNDER $1001,OTHER - EXPLAIN IN NARRATIVE,COLLEGEAVEKIRKWOODAVE,1,TRAFFIC CONTROL SIGNAL
INDIANA UNIV BLOOMINGTON PD,143040,MONROE,BLOOMINGTON,BLOOMINGTON,10/30/14,5:20 PM,1,0,1,0,0,,3RD,,,,,3RD,JORDAN,,,,Y,OTHER,,,39.16426018,-86.5163999,LOCAL/CITY ROAD,Y,N,N,URBAN,N,N,Y,LANE CLOSURE,DAYLIGHT,CLEAR,DRY,NONE,FOUR-WAY INTERSECTION,STRAIGHT/LEVEL,ASPHALT,OVERCORRECTING/OVERSTEERING,UNDER $1001,RIGHT TURN,3RDSTJORDANAVE,1,TRAFFIC CONTROL SIGNAL
BLOOMINGTON PD,B1413797,MONROE,PERRY,BLOOMINGTON,11/4/14,7:00 PM,1,0,0,0,0,,E DIXIE,,,,,E DIXIE,S WALNUT,,,,Y,,,,39.156544,-86.5336,LOCAL/CITY ROAD,,N,Y,URBAN,N,N,N,,DARK (LIGHTED),CLOUDY,DRY,,FOUR-WAY INTERSECTION,STRAIGHT/LEVEL,ASPHALT,,UNDER $1001,LEFT/RIGHT TURN,EDIXIESTSWALNUTST,1,STOP SIGN
BLOOMINGTON PD,B1417438,MONROE,VAN BUREN,BLOOMINGTON,12/5/14,10:50 PM,1,0,1,0,0,,COLLEGE,,,,,COLLEGE,KIRKWOOD,,,,Y,,,,39.16659974,-86.53488033,LOCAL/CITY ROAD,Y,N,N,URBAN,N,N,N,,DARK (LIGHTED),RAIN,WET,,FOUR-WAY INTERSECTION,NON-ROADWAY CRASH,ASPHALT,FAILURE TO YIELD RIGHT OF WAY,UNDER $1001,RIGHT TURN,COLLEGEAVEKIRKWOODAVE,1,TRAFFIC CONTROL SIGNAL
BLOOMINGTON PD,B1420627,MONROE,BLOOMINGTON,BLOOMINGTON,12/30/14,11:58 PM,1,0,1,0,0,,S ROGERS,,,,,S ROGERS,W CHEROKEE,,,,Y,,200,N,39.16810935,-86.53883994,LOCAL/CITY ROAD,,N,N,URBAN,N,N,N,,DARK (NOT LIGHTED),CLEAR,DRY,,NO JUNCTION INVOLVED,STRAIGHT/LEVEL,ASPHALT,PEDESTRIAN ACTION,UNDER $1001,OTHER - EXPLAIN IN NARRATIVE,SROGERSSTWCHEROKEEDR,1,NONE
BLOOMINGTON PD,B1524339,MONROE,PERRY,BLOOMINGTON,6/14/15,5:35 PM,3,0,1,0,0,3890,W 3RD,ST,,,,W 3RD,,,,,Y,,,,39.16424,-86.4812,OTHER,,N,N,URBAN,N,N,N,,DAYLIGHT,CLEAR,DRY,,NO JUNCTION INVOLVED,STRAIGHT/LEVEL,CONCRETE,DRIVER ILLNESS,$2501 TO $5000,REAR END,W3RDST,0,NONE
BLOOMINGTON PD,B1524995,MONROE,BLOOMINGTON,BLOOMINGTON,6/18/15,9:37 PM,1,0,1,0,0,,,,SR4546W,,,SR4546W,KINSER,,,,Y,,,,39.186544,-86.537888,STATE ROAD,Y,N,N,URBAN,N,N,N,,DARK (LIGHTED),RAIN,WET,,FOUR-WAY INTERSECTION,STRAIGHT/LEVEL,ASPHALT,FAILURE TO YIELD RIGHT OF WAY,UNDER $1001,OTHER - EXPLAIN IN NARRATIVE,KINSERPIKESR4546W,1,TRAFFIC CONTROL SIGNAL
BLOOMINGTON PD,B1530706,MONROE,BLOOMINGTON,BLOOMINGTON,7/25/15,4:38 PM,1,0,1,0,0,2850,3RD,ST,,,,EAST 3RD,,,,,Y,,,,39.16464,-86.569392,,,N,Y,URBAN,N,N,N,,DAYLIGHT,CLEAR,DRY,,NO JUNCTION INVOLVED,STRAIGHT/LEVEL,ASPHALT,UNSAFE BACKING,UNDER $1001,BACKING CRASH,EAST3RDST,1,NONE
MONROE SD,M15A16229,MONROE,VAN BUREN,BLOOMINGTON,8/1/15,2:18 PM,2,0,0,0,0,5700,W AIRPORT,RD,,,,W AIRPORT,,,,,N,,,,39.136848,-86.606,OTHER,,N,N,RURAL,N,N,N,,DAYLIGHT,CLEAR,DRY,,NO JUNCTION INVOLVED,STRAIGHT/GRADE,OTHER - EXPLAIN IN NARRATIVE,OTHER (VEHICLE) - EXPLAIN IN NARRATIVE,UNDER $1001,BACKING CRASH,WAIRPORTRD,1,NONE
BLOOMINGTON PD,B1535235,MONROE,BLOOMINGTON,BLOOMINGTON,8/22/15,10:36 PM,1,0,1,0,0,1800,NORTH WALNUT,ST,,,,NORTH WALNUT,,,,,Y,,,,39.18354797,-86.53302764,OTHER,,N,Y,URBAN,N,N,N,,DARK (LIGHTED),CLEAR,DRY,,NO JUNCTION INVOLVED,STRAIGHT/LEVEL,ASPHALT,PEDESTRIAN ACTION,,OTHER - EXPLAIN IN NARRATIVE,NORTHWALNUTST,1,NONE
INDIANA UNIV BLOOMINGTON PD,152005,MONROE,BLOOMINGTON,BLOOMINGTON,8/25/15,7:24 PM,1,0,1,0,0,,WOODLAWN,AVE,,,,WOODLAWN,3RD,,,,Y,,,,39.164352,-86.522592,LOCAL/CITY ROAD,Y,N,N,URBAN,N,N,N,,DAYLIGHT,CLEAR,DRY,NONE,T-INTERSECTION,STRAIGHT/LEVEL,ASPHALT,DISREGARD SIGNAL/REG SIGN,UNDER $1001,RIGHT ANGLE,3RDSTWOODLAWNAVE,1,TRAFFIC CONTROL SIGNAL
BLOOMINGTON PD,B1537490,MONROE,BLOOMINGTON,BLOOMINGTON,9/4/15,3:15 PM,1,0,1,0,0,3100,SOUTH WALNUT STREET,PIKE,,,,SOUTH WALNUT STREET,,,,,Y,,,,39.129673,-86.532737,OTHER,,N,N,URBAN,N,N,N,,DAYLIGHT,CLEAR,DRY,,NO JUNCTION INVOLVED,NON-ROADWAY CRASH,ASPHALT,BRAKE FAILURE OR DEFECTIVE,$10001 TO $25000,RAN OFF ROAD,SOUTHWALNUTSTREETPIKE,1,NONE