Agency,Local Code,County,Township,City,Collision Date,Collision Time,Vehicles Involved,Trailers Involved,Number Injured,Number Dead,Number Deer,House Number,Roadway Name,Roadway Suffix,Roadway Number,Roadway Interchange,Roadway Ramp,Roadway Id,Intersecting Road,Intersecting Road Number,Mile Marker,Interchange,Corporate Limits?,Property Type,Feet From,Direction,Latitude,Longitude,Roadway Class,Traffic Control Devices?,Aggressive Driving?,Hit and Run?,Locality,School Zone?,Rumble Strips?,Construction?,Construction Type,Light Condition,Weather Conditions,Surface Condition,Type of Median,Roadway Junction Type,Road Character,Roadway Surface,Primary Factor,Damage Estimate,Manner of Collision,Unique Location Id,State Property Damage?,Traffic Control
BLOOMINGTON PD,B1545462,MONROE,BLOOMINGTON,BLOOMINGTON,10/24/15,8:10 AM,1,0,1,0,0,,,,SR4546W,,,SR4546W,KINSER,,,,Y,,,,39.186544,-86.537888,STATE ROAD,Y,N,N,URBAN,N,Y,N,,DAYLIGHT,CLOUDY,DRY,,FOUR-WAY INTERSECTION,STRAIGHT/GRADE,CONCRETE,PEDESTRIAN ACTION,$1001 TO $2500,LEFT TURN,KINSERPIKESR4546W,1,TRAFFIC CONTROL SIGNAL
INDIANA UNIV BLOOMINGTON PD,153190,MONROE,BLOOMINGTON,BLOOMINGTON,11/17/15,7:02 PM,1,0,1,0,0,,E 10TH,ST,,,,E 10TH,JOHN HINKLE,,,,Y,OTHER,1000,E,39.171504,-86.49296,LOCAL/CITY ROAD,,N,Y,URBAN,N,N,N,,DARK (NOT LIGHTED),RAIN,WET,,NO JUNCTION INVOLVED,CURVE/LEVEL,ASPHALT,FAILURE TO YIELD RIGHT OF WAY,$1001 TO $2500,OTHER - EXPLAIN IN NARRATIVE,E10THSTJOHNHINKLEPL,1,NONE
BLOOMINGTON PD,B1553475,MONROE,RICHLAND,BLOOMINGTON,12/19/15,2:10 PM,1,0,1,0,0,,W JACOB,DR,,,,W JACOB,N GATES,,,,Y,,50,E,39.16562006,-86.57600425,LOCAL/CITY ROAD,,N,N,URBAN,N,N,N,,DAYLIGHT,CLEAR,DRY,,FOUR-WAY INTERSECTION,STRAIGHT/LEVEL,ASPHALT,FAILURE TO YIELD RIGHT OF WAY,UNDER $1001,RIGHT ANGLE,NGATESDRWJACOBDR,1,STOP SIGN
BLOOMINGTON PD,B1603244,MONROE,BLOOMINGTON,BLOOMINGTON,1/25/16,3:50 PM,1,0,1,0,0,,WALNUT,ST,,,,WALNUT,2ND,,,,Y,,,,39.16140027,-86.53362974,LOCAL/CITY ROAD,Y,N,N,URBAN,N,N,N,,DAYLIGHT,CLEAR,DRY,,FOUR-WAY INTERSECTION,STRAIGHT/LEVEL,ASPHALT,PEDESTRIAN ACTION,UNDER $1001,OTHER - EXPLAIN IN NARRATIVE,2NDSTWALNUTST,1,TRAFFIC CONTROL SIGNAL
BLOOMINGTON PD,B1614362,MONROE,BLOOMINGTON,BLOOMINGTON,4/16/16,11:00 AM,1,0,1,0,0,,,,SR46W,,,SR46W,N KINSER,,,,Y,,,,39.186544,-86.537888,STATE ROAD,Y,N,N,URBAN,N,N,N,,DAYLIGHT,CLEAR,DRY,,FOUR-WAY INTERSECTION,STRAIGHT/LEVEL,ASPHALT,IMPROPER TURNING,UNDER $1001,RIGHT ANGLE,NKINSERPIKESR46W,1,TRAFFIC CONTROL SIGNAL
BLOOMINGTON PD,B1615036,MONROE,VAN BUREN,BLOOMINGTON,4/20/16,3:30 PM,1,0,1,0,0,,SOUTH LIBERTY,DR,,,,SOUTH LIBERTY,WEST 3RD,,,,Y,,800,S,39.08001465,-86.57913006,LOCAL/CITY ROAD,,N,Y,URBAN,N,N,N,,DAYLIGHT,CLEAR,DRY,,NO JUNCTION INVOLVED,STRAIGHT/LEVEL,ASPHALT,PEDESTRIAN ACTION,UNDER $1001,OTHER - EXPLAIN IN NARRATIVE,SOUTHLIBERTYDRWEST3RDST,1,NONE
BLOOMINGTON PD,B1627476,MONROE,PERRY,BLOOMINGTON,7/18/16,8:40 AM,1,0,1,0,0,106,N ROGERS,ST,,,,N ROGERS,,,,,Y,,,,39.16472,-86.538592,OTHER,,N,N,URBAN,N,N,N,,DAYLIGHT,RAIN,WET,,NO JUNCTION INVOLVED,STRAIGHT/LEVEL,ASPHALT,UNSAFE BACKING,UNDER $1001,BACKING CRASH,NROGERSST,1,NONE
BLOOMINGTON PD,B1630307,MONROE,BLOOMINGTON,BLOOMINGTON,8/5/16,7:10 PM,1,0,1,0,0,,N WALNUT,ST,,,,N WALNUT,W FIFTH,,,,Y,,,,40.74798507,-86.08583952,LOCAL/CITY ROAD,Y,N,Y,URBAN,N,N,N,,DAYLIGHT,CLEAR,DRY,,T-INTERSECTION,STRAIGHT/LEVEL,ASPHALT,FAILURE TO YIELD RIGHT OF WAY,UNDER $1001,LEFT TURN,NWALNUTSTWFIFTHST,1,TRAFFIC CONTROL SIGNAL
INDIANA UNIV BLOOMINGTON PD,161808,MONROE,BLOOMINGTON,BLOOMINGTON,8/20/16,12:07 AM,1,0,0,0,0,,,,SR4546E,,,SR4546E,FEE,,,,Y,OTHER,100,E,39.186032,-86.51984,STATE ROAD,,N,N,URBAN,N,N,N,,DARK (NOT LIGHTED),CLEAR,DRY,CURBED,NO JUNCTION INVOLVED,STRAIGHT/LEVEL,ASPHALT,PEDESTRIAN ACTION,UNDER $1001,RIGHT ANGLE,FEELNSR4546E,1,NONE
BLOOMINGTON PD,B1642258,MONROE,BLOOMINGTON,BLOOMINGTON,10/21/16,8:11 AM,1,0,1,0,0,,WALNUT,ST,,,,WALNUT,MILLER,,,,Y,,,,39.14689019,-86.53265006,LOCAL/CITY ROAD,Y,N,N,URBAN,N,N,N,,DAYLIGHT,CLEAR,DRY,,T-INTERSECTION,STRAIGHT/LEVEL,ASPHALT,FAILURE TO YIELD RIGHT OF WAY,UNDER $1001,COLLISION WITH OBJECT IN ROAD,MILLERDRWALNUTST,1,TRAFFIC CONTROL SIGNAL
BLOOMINGTON PD,B1642560,MONROE,BLOOMINGTON,BLOOMINGTON,10/23/16,1:38 PM,1,0,1,0,0,,W 7TH,ST,,,,W 7TH,S COLLEGE,,,,Y,,,,39.168656,-86.534784,LOCAL/CITY ROAD,Y,N,N,URBAN,N,N,N,,DAYLIGHT,CLEAR,DRY,,NO JUNCTION INVOLVED,STRAIGHT/LEVEL,ASPHALT,UNSAFE BACKING,UNDER $1001,BACKING CRASH,SCOLLEGEAVEW7THST,1,TRAFFIC CONTROL SIGNAL
BLOOMINGTON PD,B1703406,MONROE,PERRY,BLOOMINGTON,1/28/17,6:56 PM,1,0,1,0,0,2443,S WALNUT STREET,PIKE,,,,S WALNUT STREET,,,,,Y,,,,39.137072,-86.529616,LOCAL/CITY ROAD,,N,N,URBAN,N,N,N,,DARK (NOT LIGHTED),CLEAR,DRY,,T-INTERSECTION,STRAIGHT/GRADE,ASPHALT,FAILURE TO YIELD RIGHT OF WAY,UNDER $1001,OTHER - EXPLAIN IN NARRATIVE,SWALNUTSTREETPIKE,1,NONE
MONROE SD,M17A6066,MONROE,VAN BUREN,BLOOMINGTON,3/20/17,5:16 AM,2,0,1,0,1,,,,SR45W,,,SR45W,S BUNGER,,,,N,,600,E,39.13041717,-86.60271289,STATE ROAD,,N,Y,RURAL,N,N,N,,DARK (NOT LIGHTED),CLEAR,DRY,,NO JUNCTION INVOLVED,STRAIGHT/LEVEL,ASPHALT,ANIMAL/OBJECT IN ROADWAY,$5001 TO $10000,COLLISION WITH DEER,SBUNGERRDSR45W,0,NONE
INDIANA UNIV BLOOMINGTON PD,171746,MONROE,BLOOMINGTON,BLOOMINGTON,8/21/17,10:42 AM,1,0,0,0,0,,JORDAN,AVE,,,,JORDAN,JONES,,,,Y,,,,39.165205,-86.51642,LOCAL/CITY ROAD,,N,N,URBAN,N,N,N,,DAYLIGHT,CLEAR,DRY,,NO JUNCTION INVOLVED,STRAIGHT/LEVEL,ASPHALT,OTHER (DRIVER) - EXPLAIN IN NARRATIVE,UNDER $1001,OTHER - EXPLAIN IN NARRATIVE,JONESAVEJORDANAVE,1,NONE
BLOOMINGTON PD,B1740922,MONROE,PERRY,BLOOMINGTON,10/5/17,6:30 AM,1,0,1,0,0,,ROGERS,ST,,,,ROGERS,1ST,,,,Y,,,,39.159504,-86.538592,LOCAL/CITY ROAD,,N,N,URBAN,N,N,N,,DARK (NOT LIGHTED),RAIN,WET,NONE,FOUR-WAY INTERSECTION,STRAIGHT/LEVEL,ASPHALT,OTHER (ENVIRONMENTAL) - EXPLAIN IN NARR,UNDER $1001,LEFT TURN,1STSTROGERSST,1,STOP SIGN
INDIANA UNIV BLOOMINGTON PD,172351,MONROE,BLOOMINGTON,BLOOMINGTON,10/5/17,2:05 PM,1,0,1,0,0,,E 10TH,ST,,,,E 10TH,N UNION,,,,Y,,,,39.171472,-86.509376,LOCAL/CITY ROAD,Y,N,N,URBAN,N,N,N,,DAYLIGHT,CLOUDY,DRY,,FOUR-WAY INTERSECTION,STRAIGHT/LEVEL,ASPHALT,FAILURE TO YIELD RIGHT OF WAY,UNDER $1001,LEFT TURN,E10THSTNUNIONST,1,TRAFFIC CONTROL SIGNAL
INDIANA UNIV BLOOMINGTON PD,172420,MONROE,BLOOMINGTON,BLOOMINGTON,10/12/17,7:56 PM,1,0,2,0,0,,E 17TH,ST,,,,E 17TH,N FEE,,,,Y,,120,W,39.178928,-86.518992,LOCAL/CITY ROAD,,N,N,URBAN,N,N,N,,DARK (LIGHTED),CLEAR,DRY,,NO JUNCTION INVOLVED,STRAIGHT/LEVEL,ASPHALT,FAILURE TO YIELD RIGHT OF WAY,$1001 TO $2500,COLLISION WITH OBJECT IN ROAD,E17THSTNFEELN,2,OTHER
BLOOMINGTON PD,B18-03369,MONROE,BLOOMINGTON,BLOOMINGTON,1/26/18,12:39 AM,1,0,1,0,0,,WALNUT,ST,,,,WALNUT,8TH,,,,Y,,,,39.169552,-86.533552,LOCAL/CITY ROAD,,,Y,URBAN,N,N,N,,DARK (LIGHTED),CLEAR,DRY,,FOUR-WAY INTERSECTION,STRAIGHT/GRADE,ASPHALT,FAILURE TO YIELD RIGHT OF WAY,UNDER $1001,OTHER - EXPLAIN IN NARRATIVE,8THSTWALNUTST,1,NONE
BLOOMINGTON PD,B1818431,MONROE,BLOOMINGTON,BLOOMINGTON,5/6/18,6:18 PM,2,0,1,0,0,,S MADISON,ST,,,,S MADISON,W 3RD,,,,Y,,150,N,39.164704,-86.537296,LOCAL/CITY ROAD,,N,N,URBAN,N,N,N,,DAYLIGHT,CLEAR,DRY,,NO JUNCTION INVOLVED,STRAIGHT/GRADE,ASPHALT,UNSAFE BACKING,UNDER $1001,BACKING CRASH,SMADISONSTW3RDST,1,NONE
BLOOMINGTON PD,B1829945,MONROE,BLOOMINGTON,BLOOMINGTON,7/26/18,4:37 PM,1,0,1,0,0,,W 1ST,ST,,,,W 1ST,S MORTON,,,,Y,,,,39.15939,-86.5363,LOCAL/CITY ROAD,,N,N,URBAN,N,N,N,,DAYLIGHT,CLEAR,DRY,,FOUR-WAY INTERSECTION,STRAIGHT/LEVEL,ASPHALT,PEDESTRIAN ACTION,UNDER $1001,OTHER - EXPLAIN IN NARRATIVE,SMORTONSTW1STST,1,STOP SIGN
BLOOMINGTON PD,B1830103,MONROE,PERRY,BLOOMINGTON,7/27/18,6:02 PM,1,0,1,0,0,1602,S WALNUT,ST,,,,S WALNUT,,,,,Y,,,,39.14982139,-86.53338645,OTHER,,N,N,URBAN,N,N,N,,DAYLIGHT,CLEAR,DRY,,NO JUNCTION INVOLVED,STRAIGHT/LEVEL,ASPHALT,FAILURE TO YIELD RIGHT OF WAY,UNDER $1001,OTHER - EXPLAIN IN NARRATIVE,SWALNUTST,1,NONE
BLOOMINGTON PD,B1850469,MONROE,PERRY,BLOOMINGTON,12/11/18,1:40 PM,1,0,1,0,0,2894,E 3RD,ST,,,,E 3RD,,,,,Y,,,,39.16423861,-86.49522852,LOCAL/CITY ROAD,,N,N,URBAN,N,N,N,,DAYLIGHT,CLEAR,DRY,,NO JUNCTION INVOLVED,STRAIGHT/GRADE,ASPHALT,DRIVER DISTRACTED - EXPLAIN IN NARRATIVE,UNDER $1001,COLLISION WITH OBJECT IN ROAD,E3RDST,1,NONE
BLOOMINGTON PD,B1851715,MONROE,BLOOMINGTON,BLOOMINGTON,12/21/18,6:04 PM,1,0,0,1,0,,3RD,ST,,,,W 3RD,RUNKLE,,,,Y,,,,0,0,LOCAL/CITY ROAD,,N,N,URBAN,N,N,N,,DARK (NOT LIGHTED),RAIN,WET,,NO JUNCTION INVOLVED,STRAIGHT/LEVEL,ASPHALT,PEDESTRIAN ACTION,$2501 TO $5000,COLLISION WITH OBJECT IN ROAD,RUNKLELNW3RDST,1,NONE
BLOOMINGTON PD,B1901297,MONROE,BLOOMINGTON,BLOOMINGTON,1/9/19,9:00 PM,1,0,1,0,0,,3RD,ST,,,,W 3RD,LANDMARK,,,,Y,,,,39.16443,-86.55631,LOCAL/CITY ROAD,Y,N,N,URBAN,N,N,N,,DARK (LIGHTED),CLEAR,DRY,,FOUR-WAY INTERSECTION,STRAIGHT/LEVEL,ASPHALT,PEDESTRIAN ACTION,UNDER $1001,OTHER - EXPLAIN IN NARRATIVE,SLANDMARKAVEW3RDST,1,TRAFFIC CONTROL SIGNAL
BLOOMINGTON PD,B1940739,MONROE,PERRY,BLOOMINGTON,9/26/19,11:44 AM,1,0,0,1,0,,WALNUT,ST,,,,WALNUT,E 3RD,,,,Y,,190,S,39.16411815,-86.5336,LOCAL/CITY ROAD,,N,N,URBAN,N,N,N,,DAYLIGHT,CLEAR,DRY,,NO JUNCTION INVOLVED,STRAIGHT/LEVEL,ASPHALT,PEDESTRIAN ACTION,UNDER $1001,RIGHT TURN,E3RDSTWALNUTST,1,NONE
INDIANA UNIV BLOOMINGTON PD,192631,MONROE,BLOOMINGTON,BLOOMINGTON,11/5/19,11:43 PM,1,0,2,0,0,,,,SR45N,,,SR45N,10TH,,,,Y,,,,39.176848,-86.478192,STATE ROAD,Y,N,N,URBAN,N,N,N,,DARK (NOT LIGHTED),CLEAR,DRY,,FOUR-WAY INTERSECTION,STRAIGHT/LEVEL,ASPHALT,FAILURE TO YIELD RIGHT OF WAY,$2501 TO $5000,LEFT/RIGHT TURN,10THSTSR45N,1,TRAFFIC CONTROL SIGNAL
ISP BLOOMINGTON 33,2.019E+11,MONROE,VAN BUREN,BLOOMINGTON,11/20/19,09:10 M,2,,1,0,0,3923,W 3RD ST,,,,,W 3RD ST,,,,,Y,,370,E,39.16436149,-86.5821943,PRIVATE DRIVE,,,,URBAN,N,N,N,,DAYLIGHT,CLOUDY,WET,,NO JUNCTION INVOLVED,,ASPHALT,UNSAFE BACKING,UNDER $1001,BACKING CRASH,W3RDST,0,
INDIANA UNIV BLOOMINGTON PD,192955,MONROE,BLOOMINGTON,BLOOMINGTON,12/13/19,8:05 AM,1,0,1,0,0,,ATWATER,AVE,,,,E ATWATER,FESS,,,,Y,,,,0,0,LOCAL/CITY ROAD,,N,N,URBAN,N,N,N,,DAYLIGHT,CLOUDY,DRY,,FOUR-WAY INTERSECTION,STRAIGHT/LEVEL,ASPHALT,VIEW OBSTRUCTED,$1001 TO $2500,LEFT TURN,EATWATERAVESFESSAVE,1,STOP SIGN
BLOOMINGTON PD,B1953288,MONROE,PERRY,BLOOMINGTON,12/23/19,9:22 PM,1,0,1,0,0,410,COLLEGE MALL,RD,,,,SOUTH COLLEGE MALL,,,,,Y,,,,0,0,LOCAL/CITY ROAD,,N,N,URBAN,N,N,N,,DARK (LIGHTED),CLEAR,DRY,,T-INTERSECTION,STRAIGHT/LEVEL,ASPHALT,FAILURE TO YIELD RIGHT OF WAY,UNDER $1001,LEFT TURN,SOUTHCOLLEGEMALLRD,1,STOP SIGN
BLOOMINGTON PD,B1953482,MONROE,BLOOMINGTON,BLOOMINGTON,12/26/19,9:25 AM,1,0,1,0,0,2819,E 3RD,ST,,,,E 3RD,,,,,Y,,,,39.16422546,-86.49655709,OTHER,,N,Y,URBAN,N,N,N,,DAYLIGHT,CLEAR,DRY,,NO JUNCTION INVOLVED,STRAIGHT/GRADE,ASPHALT,OTHER (DRIVER) - EXPLAIN IN NARRATIVE,UNDER $1001,OTHER - EXPLAIN IN NARRATIVE,E3RDST,1,NONE
BLOOMINGTON PD,B2005769,MONROE,BLOOMINGTON,BLOOMINGTON,2/8/20,6:35 PM,1,0,0,1,0,,WASHINGTON,ST,,,,WASHINGTON,3RD,,,,Y,,,,39.16464,-86.5324,LOCAL/CITY ROAD,Y,N,N,URBAN,N,N,N,,DARK (LIGHTED),CLEAR,DRY,,T-INTERSECTION,STRAIGHT/LEVEL,ASPHALT,FAILURE TO YIELD RIGHT OF WAY,UNDER $1001,RIGHT TURN,3RDSTWASHINGTONST,1,TRAFFIC CONTROL SIGNAL
BLOOMINGTON PD,B2025179,MONROE,BLOOMINGTON,BLOOMINGTON,7/12/20,5:24 PM,1,0,1,0,0,,W 3RD,ST,,,,W 3RD,S MULLER,,,,Y,,,,39.1645,-86.5627,LOCAL/CITY ROAD,,N,N,URBAN,N,N,N,,DAYLIGHT,CLEAR,DRY,,T-INTERSECTION,STRAIGHT/GRADE,ASPHALT,FAILURE TO YIELD RIGHT OF WAY,UNDER $1001,COLLISION WITH OBJECT IN ROAD,SMULLERPKWYW3RDST,1,NONE
BLOOMINGTON PD,B2035878,MONROE,BLOOMINGTON,BLOOMINGTON,10/4/20,1:09 AM,1,0,1,0,0,301,E BROWNSTONE,DR,,,,E BROWNSTONE,,,,,Y,,,,,,LOCAL/CITY ROAD,,N,N,URBAN,N,N,N,,DARK (LIGHTED),CLEAR,DRY,,NO JUNCTION INVOLVED,STRAIGHT/GRADE,ASPHALT,LEFT OF CENTER,$1001 TO $2500,SAME DIRECTION SIDESWIPE,EBROWNSTONEDR,1,NONE
BLOOMINGTON PD,B2040275,MONROE,BLOOMINGTON,BLOOMINGTON,11/6/20,4:46 PM,1,0,1,0,0,,N SMITH,RD,,,,N SMITH,800 N SMITH,,,,Y,,,,39.166432,-86.4812,LOCAL/CITY ROAD,,N,N,URBAN,N,N,N,,DAYLIGHT,CLEAR,DRY,,T-INTERSECTION,CURVE/GRADE,ASPHALT,PEDESTRIAN ACTION,$1001 TO $2500,LEFT TURN,800NSMITHRDNSMITHRD,1,NONE
BLOOMINGTON PD,B2045127,MONROE,BLOOMINGTON,BLOOMINGTON,12/21/20,7:00 PM,1,0,0,1,0,,E 3RD,ST,,,,E 3RD,S PARK RIDGE,,,,Y,,,,39.16424,-86.476096,LOCAL/CITY ROAD,,N,N,URBAN,N,N,N,,DARK (NOT LIGHTED),CLOUDY,DRY,,NO JUNCTION INVOLVED,STRAIGHT/LEVEL,ASPHALT,PEDESTRIAN ACTION,$1001 TO $2500,COLLISION WITH OBJECT IN ROAD,E3RDSTSPARKRIDGERD,1,NONE
BLOOMINGTON PD,B2118121,MONROE,BLOOMINGTON,BLOOMINGTON,6/2/21,3:50 AM,1,0,1,0,0,,S CURRY,PIKE,,,,S CURRY,W 3RD,,,,Y,,,,39.164544,-86.560096,LOCAL/CITY ROAD,Y,N,N,URBAN,N,N,N,,DARK (LIGHTED),RAIN,WET,,NO JUNCTION INVOLVED,STRAIGHT/LEVEL,ASPHALT,PEDESTRIAN ACTION,$1001 TO $2500,COLLISION WITH OBJECT IN ROAD,SCURRYPIKEW3RDST,1,TRAFFIC CONTROL SIGNAL
MONROE SD,M21A20357,MONROE,WASHINGTON,BLOOMINGTON,7/23/21,6:01 PM,1,0,1,0,0,,W SIMPSON CHAPEL,RD,,,,W SIMPSON CHAPEL,W LAWSON,,,,N,,125,E,39.273216,-86.532176,LOCAL/CITY ROAD,,N,N,RURAL,N,N,N,,DAYLIGHT,CLEAR,DRY,,NO JUNCTION INVOLVED,STRAIGHT/HILLCREST,ASPHALT,PEDESTRIAN ACTION,UNDER $1001,OTHER - EXPLAIN IN NARRATIVE,WLAWSONRDWSIMPSONCHAPELRD,1,NONE
INDIANA UNIV BLOOMINGTON PD,214171,MONROE,BLOOMINGTON,BLOOMINGTON,12/7/21,5:58 PM,1,0,1,0,0,,FEE,LN,,,,FEE,THIRTEENTH,,,,Y,,167,N,38.88206602,-86.4845865,LOCAL/CITY ROAD,,N,N,URBAN,N,N,N,,DARK (LIGHTED),CLOUDY,DRY,,NO JUNCTION INVOLVED,STRAIGHT/LEVEL,ASPHALT,PEDESTRIAN ACTION,UNDER $1001,RIGHT ANGLE,FEELNTHIRTEENTHST,1,NONE
BLOOMINGTON PD,B2145616,MONROE,BLOOMINGTON,BLOOMINGTON,12/20/21,3:03 PM,1,0,1,0,0,,S DUNN,ST,,,,S DUNN,E KIRKWOOD,,,,Y,,,,39.16664,-86.528192,LOCAL/CITY ROAD,,N,N,URBAN,N,N,N,,DAYLIGHT,CLEAR,DRY,,NO JUNCTION INVOLVED,STRAIGHT/LEVEL,ASPHALT,FAILURE TO YIELD RIGHT OF WAY,$1001 TO $2500,LEFT/RIGHT TURN,EKIRKWOODAVESDUNNST,1,STOP SIGN
MONROE SD,M22A2806,MONROE,RICHLAND,BLOOMINGTON,2/5/22,6:47 PM,1,,1,0,0,,W 3RD ST,,,,,W 3RD ST,SHERWOOD DR,,,,N,,739,,39.16468136,-86.58821022,STATE ROAD,,,,RURAL,N,N,N,,DARK (NOT LIGHTED),CLEAR,DRY,,NO JUNCTION INVOLVED,,ASPHALT,PEDESTRIAN ACTION,$2501 TO $5000,OTHER - EXPLAIN IN NARRATIVE,W3RDSTSHERWOODDR,1,
MONROE SD,M22A13695,MONROE,VAN BUREN,BLOOMINGTON,6/10/22,8:48 PM,1,,0,1,0,,W AIRPORT RD,,,,,W AIRPORT RD,S KIRBY RD,,,,N,,1000,,39.13690607,-86.61518044,LOCAL/CITY ROAD,,,,RURAL,N,N,N,,DAWN/DUSK,CLEAR,DRY,,NO JUNCTION INVOLVED,,ASPHALT,DRIVER DISTRACTED - EXPLAIN IN NARRATIVE,$1001 TO $2500,RAN OFF ROAD,WAIRPORTRDSKIRBYRD,1,
BLOOMINGTON PD,B22-11614,MONROE,BLOOMINGTON,BLOOMINGTON,4/4/22,5:05 PM,1,,1,0,0,,W ALLEN ST,,,,,W ALLEN ST,W ALLEN ST,,,,Y,,0,,39.15565739,-86.54425747,LOCAL/CITY ROAD,,,,URBAN,N,N,N,,DAYLIGHT,CLEAR,DRY,,NO JUNCTION INVOLVED,,ASPHALT,IMPROPER PASSING,$2501 TO $5000,OTHER - EXPLAIN IN NARRATIVE,WALLENSTWALLENST,1,
BLOOMINGTON PD,B22-34851,MONROE,PERRY,BLOOMINGTON,9/1/22,4:40 PM,1,,1,0,0,,S MORTON ST,,,,,S MORTON ST,W 2ND ST,,,,Y,,0,,39.16139545,-86.53628971,,,,,URBAN,N,N,N,,DAYLIGHT,CLEAR,DRY,,T-INTERSECTION,,ASPHALT,FAILURE TO YIELD RIGHT OF WAY,$2501 TO $5000,OTHER - EXPLAIN IN NARRATIVE,W2NDSTSMORTONST,1,
INDIANA UNIV BLOOMINGTON PD,230356,MONROE,BLOOMINGTON,BLOOMINGTON,1/28/23,7:20 PM,1,,1,0,0,,E 17TH ST,,,,,E 17TH ST,N DUNN ST,,,,Y,,0,,39.17901798,-86.52834124,LOCAL/CITY ROAD,,,,URBAN,N,N,N,,DARK (LIGHTED),CLEAR,DRY,,FOUR-WAY INTERSECTION,,ASPHALT,PEDESTRIAN ACTION,$1001 TO $2500,RIGHT ANGLE,NDUNNSTE17THST,1,
INDIANA UNIV BLOOMINGTON PD,231291,MONROE,BLOOMINGTON,BLOOMINGTON,3/31/23,10:15 PM,1,,1,0,0,,N JORDAN AVE,,,,,N JORDAN AVE,E LAW LN,,,,Y,,0,,39.1746474,-86.51475317,LOCAL/CITY ROAD,,,,URBAN,N,N,N,,DARK (NOT LIGHTED),CLOUDY,WET,,T-INTERSECTION,,ASPHALT,FAILURE TO YIELD RIGHT OF WAY,$5001 TO $10000,REAR END,NJORDANAVEELAWLN,1,
BLOOMINGTON PD,B23-13516,MONROE,BLOOMINGTON,BLOOMINGTON,3/17/23,3:45 PM,1,,1,0,0,,S WOODLAWN AVE,,,,,S WOODLAWN AVE,E GRIMES LN,,,,Y,,0,,39.15312764,-86.52265909,LOCAL/CITY ROAD,,,,URBAN,N,N,N,,DAYLIGHT,CLEAR,DRY,,T-INTERSECTION,,ASPHALT,IMPROPER TURNING,UNDER $1001,SAME DIRECTION SIDESWIPE,SWOODLAWNAVEEGRIMESLN,1,
BLOOMINGTON PD,B22-53625,MONROE,PERRY,BLOOMINGTON,12/28/22,10:37 AM,1,,1,0,0,,1175 S COLLEGE MALL RD; KROGER,,,,,1175 S COLLEGE MALL RD; KROGER JACKSON CREEK B,,,,,Y,,0,,0,0,PRIVATE DRIVE,,,,URBAN,N,N,N,,DAYLIGHT,CLEAR,WET,,NO JUNCTION INVOLVED,,ASPHALT,FAILURE TO YIELD RIGHT OF WAY,$5001 TO $10000,LEFT TURN,"1175SCOLLEGEMALLRD;KROGERJACKSONCREEKBLOOMINGTON,IN47401",1,
INDIANA UNIV BLOOMINGTON PD,231668,MONROE,BLOOMINGTON,BLOOMINGTON,4/22/23,3:40 PM,1,,1,0,0,,N DUNN ST,,,,,N DUNN ST,E 19TH ST,,,,Y,,0,,39.18102229,-86.52831978,LOCAL/CITY ROAD,,,,URBAN,N,N,N,,DARK (LIGHTED),CLOUDY,DRY,,FOUR-WAY INTERSECTION,,ASPHALT,FAILURE TO YIELD RIGHT OF WAY,UNDER $1001,RIGHT ANGLE,NDUNNSTE19THST,1,
BLOOMINGTON PD,B23-01798,MONROE,BLOOMINGTON,BLOOMINGTON,1/11/23,4:20 PM,1,,1,0,0,,W 3RD ST,,,,,W 3RD ST,S LIBERTY DR,,,,Y,,0,,39.16462024,-86.57915301,STATE ROAD,,,,URBAN,N,N,N,,DAYLIGHT,CLOUDY,DRY,,FOUR-WAY INTERSECTION,,ASPHALT,FAILURE TO YIELD RIGHT OF WAY,UNDER $1001,COLLISION WITH OBJECT IN ROAD,W3RDSTSLIBERTYDR,1,
BLOOMINGTON PD,B23-09698,MONROE,PERRY,BLOOMINGTON,2/25/23,2:49 PM,1,,1,0,0,2800,E 3RD,,,,,E 3RD,,,,,Y,,0,,39.16206279,-86.49685211,PRIVATE DRIVE,,,,URBAN,N,N,N,,DAYLIGHT,CLEAR,DRY,,T-INTERSECTION,,ASPHALT,IMPROPER TURNING,UNDER $1001,LEFT/RIGHT TURN,E3RD,1,